license_plate,car_make,car_model,year,body_type,color_options,fuel_type,engine_size,horsepower,transmission_type,top_speed,mileage,safety_features,entertainment_features,interior_features,exterior_features,price,customer_ratings,sales_figures,image_path,image_path.1
SND6584L, Toyota   , Camry       ,2022, Sedan     , Silver, Gasoline  ,2.5,203,Automatic        ,135,31," ABS, Airbags, Lane-Keeping Assist, Blind Spot Monitor ", 8-inch Touchscreen Infotainment System ," Leather Seats, Power Driver's Seat, Dual-Zone Climate Control "," LED Headlights, Alloy Wheels, Sunroof                       ",114,"28,500", 4.5/5            ,toyota.jpg,volvo.jpg
SJR9672C, Ford     , F-150       ,2023, Truck     , Red, Gasoline  ,3.5,375,Automatic        ,145,23," ABS, Airbags, Trailer Sway Control, Rear View Camera  ", 12-inch SYNC 4 Infotainment System   ," Cloth Seats, Power Windows, Keyless Entry                 "," LED Taillights, Tow Hitch, Bed Liner                        ",183,"45,900", 4.8/5            ,ford.jpg,mazda.jpg
SLC8460C, Honda    , Civic       ,2023, Sedan     , Blue, Gasoline  ,1.8,158,Automatic               ,120,36," ABS, Airbags, Lane Departure Warning, Rear Cross Traffic Alert ", 7-inch Display Audio System       ," Cloth Seats, Bluetooth Connectivity, Push Button Start   "," LED Daytime Running Lights, Alloy Wheels                   ",91,"22,950", 4.6/5            ,honda.jpg,jeep.jpg
SJY4324U, Chevrolet, Tahoe       ,2023, SUV       , White, Gasoline  ,5.3,355,Automatic        ,130,19," ABS, Airbags, Forward Collision Warning, Lane Keep Assist ", 10.2-inch Infotainment System      ," Leather Seats, Heated Front Seats, Third-Row Seating     "," LED Headlights, Roof Rails, Power Liftgate                 ",213,"53,250", 4.7/5            ,chevrolet.jpg,toyota.jpg
SMY2910T, Tesla    , Model 3     ,2023, Sedan     , Red, Electric  , N/A             ,283,Automatic        ,140,125," Enhanced Autopilot, Lane Departure Warning, Autopark   ", 15.4-inch Infotainment Display     ," Vegan Leather Seats, Heated Steering Wheel, Premium Audio "," Panoramic Glass Roof, Power Trunk, Alloy Wheels             ",199,"49,990", 4.9/5            ,tesla.jpg,audi.jpg
SLZ1271Y, Nissan   , Rogue       ,2023, SUV       , Black, Gasoline  ,2.5,181,Automatic               ,115,28," ABS, Airbags, Blind Spot Warning, Rear Cross Traffic Alert ", 8-inch Touchscreen Display        ," Cloth Seats, Power Mirrors, Dual-Zone Climate Control     "," LED Taillights, Roof Rails, Power Liftgate                 ",111,"27,850", 4.6/5            ,nissan.jpg,toyota.jpg
SKA2665Q, BMW      , X5          ,2022, SUV       , Gray, Gasoline  ,3,335,Automatic        ,155,24," ABS, Airbags, Lane Departure Warning, Parking Assist     ", 12.3-inch Digital Instrument Cluster ," Leather Seats, Heated Front Seats, Panoramic Sunroof      "," LED Headlights, Roof Rails, 20-inch Alloy Wheels          ",250,"62,700", 4.7/5            ,bmw.jpg,ford.jpg
SJQ5485H, Hyundai  , Sonata      ,2023, Sedan     , Silver, Gasoline  ,2.5,191,Automatic        ,130,29," ABS, Airbags, Forward Collision Warning, Lane Keeping Assist ", 10.25-inch Touchscreen Display    ," Leather Seats, Power Driver's Seat, Push Button Start     "," LED Daytime Running Lights, Alloy Wheels                   ",113,"28,450", 4.8/5            ,hyundai.jpg,toyota.jpg
SLY1491Q, Ford     , Mustang     ,2023, Coupe     , Black, Gasoline  ,5,450,Manual            ,180,19," ABS, Airbags, Traction Control, Electronic Stability Control ", 12-inch SYNC 4 Infotainment System  ," Leather Seats, Power Driver's Seat, Ambient Lighting        "," LED Headlights, Rear Spoiler, Dual Exhaust                 ",171,"42,850", 4.9/5            ,ford.jpg,nissan.jpg
SKV1367D, Toyota   , RAV4        ,2023, SUV       , Silver, Gasoline  ,2.5,203,Automatic        ,120,30," ABS, Airbags, Lane Tracing Assist, Blind Spot Monitoring  ", 7-inch Touchscreen Display        ," Cloth Seats, Keyless Entry, Dual-Zone Climate Control     "," LED Daytime Running Lights, Roof Rails                   ",117,"29,350", 4.5/5            ,toyota.jpg,toyota.jpg
SMV7044T, Audi     , A4          ,2023, Sedan     , Gray, Gasoline  ,2,201,Automatic        ,130,26," ABS, Airbags, Lane Departure Warning, Adaptive Cruise Control ", 10.1-inch MMI Touchscreen Display  ," Leather Seats, Heated Front Seats, Tri-Zone Climate Control "," LED Headlights, Sunroof, 18-inch Alloy Wheels              ",159,"39,900", 4.6/5            ,audi.jpg,lexus.jpg
SLL5987M, GMC      , Sierra      ,2023, Truck     , Black, Gasoline  ,6.2,420,Automatic        ,140,17," ABS, Airbags, Trailer Brake Control, Rear View Camera    ", 12.3-inch Infotainment System      ," Leather Seats, Heated Front Seats, Power Tailgate         "," LED Taillights, Tow Hitch, 20-inch Alloy Wheels           ",205,"51,250", 4.7/5            ,gmc.jpg,kia.jpg
SMR3669Q, Honda    , CR-V        ,2023, SUV       , Blue, Gasoline  ,1.5,190,Automatic               ,130,32," ABS, Airbags, Collision Mitigation, Lane Keeping Assist ", 8-inch Display Audio System       ," Cloth Seats, Bluetooth Connectivity, Power Sunroof        "," LED Daytime Running Lights, Roof Rails                   ",125,"31,450", 4.8/5            ,honda.jpg,hyundai.jpg
SNL5967K, Subaru   , Outback     ,2023, Wagon     , Black, Gasoline  ,2.4,228,Automatic               ,130,26," ABS, Airbags, Lane Departure Warning, Adaptive Cruise Control ", 11.6-inch Touchscreen Display    ," Leather Seats, Heated Front Seats, Power Liftgate          "," LED Headlights, Roof Rails, 18-inch Alloy Wheels           ",123,"30,895", 4.6/5            ,subaru.jpg,honda.jpg
SNE7078T, Chevrolet, Camaro      ,2023, Coupe     , Black, Gasoline  ,6.2,650,Automatic        ,190,17," ABS, Airbags, Traction Control, StabiliTrak             ", 9-inch Infotainment System       ," Leather Seats, Heated and Ventilated Front Seats          "," LED Headlights, Rear Spoiler, 20-inch Alloy Wheels        ",262,"65,590", 4.9/5            ,chevrolet.jpg,ford.jpg
SLR2084Z, Ford     , Escape      ,2023, SUV       , White, Gasoline  ,2,250,Automatic        ,135,28," ABS, Airbags, Lane Keeping Assist, Rear View Camera     ", 10.1-inch SYNC 3 Infotainment System ," Cloth Seats, Keyless Entry, Power Liftgate                "," LED Taillights, Roof Rails, 18-inch Alloy Wheels           ",115,"28,895", 4.7/5            ,ford.jpg,kia.jpg
SJT1968N, Mazda    , CX-5        ,2023, SUV       , Silver, Gasoline  ,2.5,187,Automatic        ,129,29," ABS, Airbags, Blind Spot Monitor, Rear Cross Traffic Alert ", 10.25-inch Infotainment Display   ," Leather Seats, Heated Front Seats, Power Sunroof          "," LED Headlights, Roof Rails, 19-inch Alloy Wheels           ",122,"30,545", 4.8/5            ,mazda.jpg,chevrolet.jpg
SMZ9369H, Kia      , Sorento     ,2023, SUV       , Black, Gasoline  ,2.5,191,Automatic        ,126,27," ABS, Airbags, Forward Collision Warning, Rear View Camera  ", 8-inch Touchscreen Display        ," Leather Seats, Heated Front Seats, Power Tailgate          "," LED Headlights, Roof Rails, 18-inch Alloy Wheels           ",129,"32,350", 4.6/5            ,kia.jpg,lexus.jpg
SNF4454Y, Mercedes , C-Class     ,2023, Sedan     , Blue, Gasoline  ,2,255,Automatic        ,155,25," ABS, Airbags, Lane Departure Warning, Adaptive Cruise Control ", 12.3-inch Digital Instrument Cluster ," Leather Seats, Heated Front Seats, Panoramic Sunroof      "," LED Headlights, Alloy Wheels, Power Trunk                ",170,"42,600", 4.8/5            ,mercedes.jpg,nissan.jpg
SJD5090D, Jeep     , Wrangler    ,2023, SUV       , Green, Gasoline  ,3.6,285,Automatic        ,125,20," ABS, Airbags, Hill Start Assist, Electronic Roll Mitigation ", 8.4-inch Uconnect Infotainment     ," Cloth Seats, Keyless Entry, Removable Top                  "," LED Headlights, Tow Hooks, 17-inch Alloy Wheels            ",155,"38,950", 4.7/5            ,jeep.jpg,bmw.jpg
SMK7848G, Volkswagen, Jetta      ,2023, Sedan     , Black, Gasoline  ,1.4,147,Automatic        ,130,33," ABS, Airbags, Blind Spot Monitor, Rear View Camera        ", 8-inch Touchscreen Display        ," Cloth Seats, Keyless Entry, Power Windows                 "," LED Headlights, 16-inch Alloy Wheels                       ",89,"22,495", 4.6/5            ,volkswagen.jpg,infiniti.jpg
SKZ7948M, Volvo    , XC60        ,2023, SUV       , White, Gasoline  ,2,250,Automatic        ,140,24," ABS, Airbags, Lane Departure Warning, Blind Spot Monitoring ", 9-inch Touchscreen Display        ," Leather Seats, Heated Front Seats, Panoramic Sunroof       "," LED Headlights, Roof Rails, 19-inch Alloy Wheels           ",181,"45,450", 4.9/5            ,volvo.jpg,ford.jpg
SNM6814D, Subaru   , Forester    ,2023, SUV       , Red, Gasoline  ,2.5,182,Automatic               ,120,29," ABS, Airbags, Lane Departure Warning, Adaptive Cruise Control ", 8-inch Touchscreen Display        ," Cloth Seats, Power Mirrors, Keyless Entry                 "," LED Daytime Running Lights, Roof Rails, 17-inch Alloy Wheels ",107,"26,995", 4.6/5            ,subaru.jpg,toyota.jpg
SKP7245Y, Toyota   , Highlander  ,2023, SUV       , Silver, Gasoline  ,3.5,295,Automatic        ,115,25," ABS, Airbags, Lane Departure Warning, Blind Spot Monitoring ", 8-inch Touchscreen Display        ," Cloth Seats, Power Windows, Keyless Entry                 "," LED Headlights, Roof Rails, 18-inch Alloy Wheels           ",144,"36,085", 4.7/5            ,toyota.jpg,toyota.jpg
SMK4056R, Ford     , Explorer    ,2023, SUV       , Black, Gasoline  ,2.3,300,Automatic        ,130,27," ABS, Airbags, Blind Spot Monitor, Rear Cross Traffic Alert ", 12-inch Touchscreen Display       ," Cloth Seats, Keyless Entry, Power Tailgate                "," LED Headlights, Roof Rails, 20-inch Alloy Wheels           ",151,"37,775", 4.8/5            ,ford.jpg,chevrolet.jpg
SNA8377C, Chevrolet, Corvette    ,2023, Coupe     , Black, Gasoline  ,6.2,490,Automatic        ,190,20," ABS, Airbags, Performance Traction Management, Rear View Camera ", 10.2-inch Infotainment System     ," Leather Seats, Power Driver's Seat, Bose Premium Audio     "," LED Headlights, Rear Spoiler, 19-inch Alloy Wheels         ",270,"67,590", 4.9/5            ,chevrolet.jpg,nissan.jpg
SNH3903R, Ford     , Expedition  ,2023, SUV       , White, Gasoline  ,3.5,400,Automatic        ,120,22," ABS, Airbags, Blind Spot Information System, Rear Cross Traffic Alert ", 12.3-inch SYNC 4 Infotainment System  ," Leather Seats, Heated Front Seats, Power Fold Third-Row Seats "," LED Headlights, Roof Rails, 22-inch Alloy Wheels          ",218,"54,500", 4.8/5            ,ford.jpg,nissan.jpg
SMB3892R, Hyundai  , Tucson      ,2023, SUV       , Gray, Gasoline  ,2.5,187,Automatic        ,126,28," ABS, Airbags, Forward Collision-Avoidance Assist, Rear View Camera ", 10.25-inch Touchscreen Display   ," Cloth Seats, Keyless Entry, Wireless Smartphone Charging "," LED Daytime Running Lights, 17-inch Alloy Wheels           ",110,"27,500", 4.6/5            ,hyundai.jpg,subaru.jpg
SKH9930Y, GMC      , Yukon       ,2023, SUV       , White, Gasoline  ,5.3,355,Automatic        ,120,20," ABS, Airbags, Lane Keep Assist, Blind Zone Alert            ", 10.2-inch Infotainment Display     ," Leather Seats, Heated Front Seats, Power Tailgate         "," LED Headlights, Roof Rails, 20-inch Alloy Wheels           ",207,"51,850", 4.7/5            ,gmc.jpg,toyota.jpg
SJF1729P, Audi     , Q5          ,2023, SUV       , Blue, Gasoline  ,2,261,Automatic        ,135,27," ABS, Airbags, Audi Pre Sense City, Lane Departure Warning   ", 10.1-inch MMI Touchscreen Display ," Leather Seats, Heated Front Seats, Panoramic Sunroof      "," LED Headlights, 18-inch Alloy Wheels                      ",172,"43,200", 4.8/5            ,audi.jpg,mazda.jpg
SKN8844L, Kia      , Telluride   ,2023, SUV       , Gray, Gasoline  ,3.8,291,Automatic        ,130,21," ABS, Airbags, Forward Collision Avoidance Assist, Blind Spot View Monitor ", 12.3-inch Touchscreen Display    ," Leather Seats, Heated Front Seats, Power Liftgate          "," LED Headlights, Roof Rails, 20-inch Alloy Wheels           ",154,"38,500", 4.7/5            ,kia.jpg,nissan.jpg
SLH3647C, Mercedes , GLC-Class   ,2023, SUV       , Black, Gasoline  ,2,255,Automatic        ,140,24," ABS, Airbags, Active Brake Assist, Lane Keeping Assist       ", 10.25-inch Digital Instrument Cluster ," Leather Seats, Heated Front Seats, Power Liftgate          "," LED Headlights, Roof Rails, 19-inch Alloy Wheels           ",175,"43,900", 4.9/5            ,mercedes.jpg,chevrolet.jpg
SKR8137K, Jeep     , Grand Cherokee ,2023, SUV    , Red, Gasoline  ,3.6,295,Automatic        ,130,26," ABS, Airbags, Blind Spot Monitoring, Rear Cross Path Detection ", 8.4-inch Uconnect Infotainment     ," Leather Seats, Heated Front Seats, Power Liftgate          "," LED Headlights, Roof Rails, 18-inch Alloy Wheels           ",147,"36,750", 4.7/5            ,jeep.jpg,ford.jpg
SMD5023G, Volkswagen , Taos       ,2023, SUV      , Blue, Gasoline  ,1.5,158,Automatic        ,124,32," ABS, Airbags, Lane Keeping System, Rear Traffic Alert         ", 8-inch Touchscreen Display        ," Cloth Seats, Keyless Entry, Wireless Smartphone Charger   "," LED Headlights, 17-inch Alloy Wheels                       ",95,"23,900", 4.7/5            ,volkswagen .jpg,toyota.jpg
SMV3364A, Nissan   , Pathfinder  ,2023, SUV       , White, Gasoline  ,3.5,284,Automatic        ,120,23," ABS, Airbags, RearAutomatic Braking, Rear Cross Traffic Alert ", 8-inch Touchscreen Display        ," Cloth Seats, Power Windows, Tri-ZoneAutomatic Climate Control "," LED Headlights, Roof Rails, 18-inch Alloy Wheels          ",132,"33,000", 4.7/5            ,nissan.jpg,honda.jpg
SJX9677M, Subaru   , Crosstrek  ,2023, SUV       , Black, Gasoline  ,2.5,182,Automatic               ,130,29," ABS, Airbags, EyeSight Driver Assist, Rear Vision Camera     ", 8-inch Touchscreen Display        ," Cloth Seats, Keyless Access, Power Sunroof                "," LED Daytime Running Lights, Roof Rails, 17-inch Alloy Wheels ",109,"27,495", 4.6/5            ,subaru.jpg,kia.jpg
SJZ2722Q, Toyota   , 4Runner     ,2023, SUV       , White, Gasoline  ,4,270,Automatic        ,115,19," ABS, Airbags, Hill Start Assist Control, Trailer-Sway Control ", 8-inch Touchscreen Display        ," Cloth Seats, Keyless Entry, Power Rear Window              "," LED Headlights, Roof Rails, 17-inch Alloy Wheels          ",146,"36,585", 4.6/5            ,toyota.jpg,hyundai.jpg
SJN9888Z, Ford     , Edge        ,2023, SUV       , Gray, Gasoline  ,2,250,Automatic        ,130,25," ABS, Airbags, Ford Co-Pilot360, Lane-Keeping System         ", 12-inch SYNC 4 Infotainment System  ," Cloth Seats, Power Windows, Dual-Zone Climate Control      "," LED Headlights, Roof Rails, 18-inch Alloy Wheels           ",130,"32,650", 4.8/5            ,ford.jpg,ford.jpg
SKS4157D, Chevrolet, Equinox     ,2023, SUV       , Red, Gasoline  ,1.5,170,Automatic        ,125,29," ABS, Airbags, Lane Keep Assist, Forward Collision Alert      ", 8-inch Infotainment System        ," Cloth Seats, Keyless Entry, Power Windows                 "," LED Daytime Running Lights, 17-inch Alloy Wheels          ",111,"27,900", 4.6/5            ,chevrolet.jpg,toyota.jpg
SNL5804Z, Honda    , HR-V        ,2023, SUV       , White, Gasoline  ,1.8,141,Automatic               ,120,31," ABS, Airbags, Collision Mitigation Braking System, Lane Keeping Assist ", 7-inch Display Audio System       ," Cloth Seats, Power Mirrors, Keyless Entry                "," LED Daytime Running Lights, 17-inch Alloy Wheels          ",98,"24,650", 4.5/5            ,honda.jpg,toyota.jpg
SLQ3700D, Mercedes , S-Class     ,2023, Sedan     , Silver, Gasoline  ,3,429,Automatic        ,155,23," ABS, Airbags, Active Distance Assist, Traffic Sign Assist    ", 12.8-inch OLED Infotainment Screen ," Leather Seats, Heated and Ventilated Front Seats, Power Rear Window "," LED Headlights, Panoramic Sunroof, 20-inch Alloy Wheels ",399,"99,950", 4.9/5            ,mercedes.jpg,gmc.jpg
SNA1589D, Jeep     , Compass     ,2023, SUV       , White, Gasoline  ,2.4,177,Automatic        ,125,29," ABS, Airbags, Hill Start Assist, ParkView Rear Back-Up Camera ", 8.4-inch Uconnect Infotainment     ," Cloth Seats, Keyless Entry, Dual-ZoneAutomatic Climate Control "," LED Headlights, Roof Rails, 18-inch Alloy Wheels         ",105,"26,350", 4.7/5            ,jeep.jpg,chevrolet.jpg
SNG9460Q, Volkswagen , Atlas      ,2023, SUV       , Blue, Gasoline  ,2,235,Automatic        ,130,22," ABS, Airbags, Lane Assist, Rear Traffic Alert                ", 8-inch Touchscreen Display        ," Cloth Seats, Power Mirrors, Keyless Entry                 "," LED Headlights, Roof Rails, 18-inch Alloy Wheels           ",133,"33,450", 4.7/5            ,volkswagen .jpg,mercedes.jpg
SMB8743Z, Nissan   , Sentra      ,2023, Sedan     , Black, Gasoline  ,2,149,Automatic               ,125,35," ABS, Airbags, Intelligent Forward Collision Warning          ", 7-inch Touchscreen Display        ," Cloth Seats, Power Windows, Keyless Entry                 "," LED Daytime Running Lights, 16-inch Alloy Wheels          ",81,"20,450", 4.6/5            ,nissan.jpg,ford.jpg
SKV8880Q, Subaru   , Legacy      ,2023, Sedan     , Blue, Gasoline  ,2.4,228,Automatic               ,130,35," ABS, Airbags, EyeSight Driver Assist Technology, Rear Vision Camera ", 11.6-inch Touchscreen Display    ," Cloth Seats, Power Driver's Seat, Keyless Access         "," LED Headlights, Alloy Wheels, Power Sunroof              ",104,"26,245", 4.7/5            ,subaru.jpg,audi.jpg
SJH1813U, Lexus    , RX          ,2023, SUV       , Silver, Gasoline  ,3.5,295,Automatic        ,120,24," ABS, Airbags, Lexus Safety System+ 2.5, Rear Cross-Traffic Alert ", 8-inch Touchscreen Display        ," Leather Seats, Power Front Seats, Keyless Entry         "," LED Headlights, Roof Rails, 18-inch Alloy Wheels         ",187,"46,800", 4.8/5            ,lexus.jpg,toyota.jpg
SNG2217C, BMW      , 5 Series    ,2023, Sedan     , Gray, Gasoline  ,2,248,Automatic        ,130,27," ABS, Airbags, Active Driving Assistant, Parking Assistant Plus ", 12.3-inch Digital Instrument Cluster ," Leather Seats, Heated Front Seats, Power Tailgate         "," LED Headlights, Alloy Wheels, Power Sunroof              ",218,"54,700", 4.8/5            ,bmw.jpg,gmc.jpg
SKA7833K, Mazda    , Mazda6      ,2023, Sedan     , Black, Gasoline  ,2.5,187,Automatic        ,130,31," ABS, Airbags, Blind Spot Monitoring, Rear Cross Traffic Alert ", 8-inch Infotainment System        ," Leather Seats, Power Driver's Seat, Keyless Entry        "," LED Headlights, Alloy Wheels, Power Sunroof              ",110,"27,550", 4.7/5            ,mazda.jpg,hyundai.jpg
SKH9506Z, Toyota   , Tacoma      ,2023, Truck     , Black, Gasoline  ,3.5,278,Automatic        ,120,21," ABS, Airbags, Toyota Safety Sense P, Rear Parking Assist Sonar ", 7-inch Touchscreen Display        ," Cloth Seats, Keyless Entry, Power Windows                 "," LED Taillights, Deck Rail System, 16-inch Alloy Wheels   ",143,"35,950", 4.8/5            ,toyota.jpg,gmc.jpg
SNM1297R, Audi     , Q7          ,2023, SUV       , Gray, Gasoline  ,3,335,Automatic        ,130,21," ABS, Airbags, Audi Pre Sense Front, Audi Side Assist         ", 10.1-inch MMI Touchscreen Display ," Leather Seats, Heated Front Seats, Power Tailgate         "," LED Headlights, Roof Rails, 20-inch Alloy Wheels         ",219,"54,800", 4.8/5            ,audi.jpg,ford.jpg
SJJ5374M, Ford     , Bronco      ,2023, SUV       , Black, Gasoline  ,2.7,310,Automatic        ,120,22," ABS, Airbags, AdvanceTrac with RSC, Trail Control            ", 8-inch SYNC 4A Infotainment System ," Cloth Seats, Keyless Entry, Power Front Windows           "," LED Headlights, Removable Top, 17-inch Alloy Wheels      ",135,"33,790", 4.8/5            ,ford.jpg,hyundai.jpg
SMB6610P, Honda    , Odyssey     ,2023, Minivan   , White, Gasoline  ,3.5,280,Automatic        ,120,22," ABS, Airbags, Honda Sensing, Rear Cross Traffic Monitor       ", 8-inch Display Audio System       ," Cloth Seats, Power Front Seats, Keyless Entry            "," LED Headlights, Power Sliding Doors, 18-inch Alloy Wheels ",146,"36,500", 4.7/5            ,honda.jpg,bmw.jpg
SKC6163L, Kia      , Sportage    ,2023, SUV       , Silver, Gasoline  ,2.4,181,Automatic        ,120,26," ABS, Airbags, Forward Collision-Avoidance Assist, Lane Keeping Assist ", 8-inch Touchscreen Display        ," Cloth Seats, Power Mirrors, Keyless Entry                 "," LED Daytime Running Lights, 17-inch Alloy Wheels          ",100,"25,000", 4.6/5            ,kia.jpg,genesis.jpg
SNC7577K, Chevrolet, Bolt EUV    ,2023, SUV       , Blue, Electric  , N/A             ,200,Automatic        ,120,110," ABS, Airbags, HD Rear Vision Camera, Lane Keep Assist with Lane Departure Warning ", 10.2-inch Infotainment Display     ," Cloth Seats, Keyless Entry, Wireless Smartphone Charging "," LED Headlights, Roof Rails, 17-inch Alloy Wheels          ",135,"33,995", 4.9/5            ,chevrolet.jpg,chevrolet.jpg
SKS6409E, Toyota   , Prius       ,2023, Hatchback , White, Hybrid    ,1.8,96,Automatic               ,115,50," ABS, Airbags, Pre-Collision System, Lane Departure Alert    ", 7-inch Touchscreen Display        ," Cloth Seats, Keyless Entry, Push Button Start            "," LED Headlights, 15-inch Alloy Wheels                      ",111,"27,900", 4.7/5            ,toyota.jpg,jeep.jpg
SJQ4424B, GMC      , Acadia      ,2023, SUV       , Black, Gasoline  ,2,228,Automatic        ,130,23," ABS, Airbags, Lane Keep Assist, Rear Cross Traffic Alert ", 8-inch Infotainment System        ," Cloth Seats, Keyless Entry, Power Liftgate                "," LED Headlights, Roof Rails, 18-inch Alloy Wheels           ",135,"33,900", 4.7/5            ,gmc.jpg,chevrolet.jpg
SJS6469Q, Lexus    , NX          ,2023, SUV       , Black, Gasoline  ,2.4,275,Automatic        ,120,26," ABS, Airbags, Lexus Safety System+ 3.5, Rear Cross-Traffic Alert ", 8-inch Touchscreen Display        ," Leather Seats, Power Front Seats, Keyless Entry         "," LED Headlights, Roof Rails, 18-inch Alloy Wheels         ",150,"37,510", 4.8/5            ,lexus.jpg,bmw.jpg
SNB1355H, Ford     , Mustang     ,2023, Coupe     , Black, Gasoline  ,2.3,310,Automatic        ,155,22," ABS, Airbags, AdvanceTrac Electronic Stability Control       ", 12-inch Digital Instrument Cluster ," Cloth Seats, Power Driver's Seat, Keyless Entry         "," LED Headlights, Rear Spoiler, 18-inch Alloy Wheels        ",114,"28,700", 4.8/5            ,ford.jpg,chevrolet.jpg
SJV2894Y, Toyota   , Sienna      ,2023, Minivan   , Gray, Gasoline  ,2.5,245,Automatic        ,115,35," ABS, Airbags, Toyota Safety Sense 2.5+, Rear Parking Assist Sonar ", 9-inch Touchscreen Display        ," Cloth Seats, Power Front Seats, Keyless Entry         "," LED Daytime Running Lights, Dual Power Sliding Doors, 17-inch Alloy Wheels ",139,"34,750", 4.7/5            ,toyota.jpg,volvo.jpg
SLQ9141K, Honda    , Civic       ,2023, Sedan     , Black, Gasoline  ,2,158,Automatic               ,120,36," ABS, Airbags, Collision Mitigation Braking System, Lane Keeping Assist ", 7-inch Touchscreen Display        ," Cloth Seats, Power Windows, Keyless Entry                 "," LED Daytime Running Lights, 16-inch Alloy Wheels          ",86,"21,700", 4.7/5            ,honda.jpg,tesla.jpg
SKA5288P, Subaru   , Ascent      ,2023, SUV       , Black, Gasoline  ,2.4,260,Automatic               ,120,22," ABS, Airbags, EyeSight Driver Assist Technology, Rear Vision Camera ", 6.5-inch Multimedia Plus Display  ," Cloth Seats, Keyless Entry, Three-ZoneAutomatic Climate Control "," LED Headlights, Roof Rails, 18-inch Alloy Wheels         ",133,"33,420", 4.7/5            ,subaru.jpg,kia.jpg
SMK2215Q, Nissan   , Versa       ,2023, Sedan     , Gray, Gasoline  ,1.6,122,Automatic               ,115,35," ABS, Airbags,Automatic Emergency Braking, Lane Departure Warning ", 7-inch Touchscreen Display        ," Cloth Seats, Keyless Entry, Push Button Start            "," LED Daytime Running Lights, 16-inch Alloy Wheels          ",77,"19,490", 4.6/5            ,nissan.jpg,honda.jpg
SJQ1979P, Chevrolet, Trax        ,2023, SUV       , Red, Gasoline  ,1.4,138,Automatic        ,120,31," ABS, Airbags, StabiliTrak Electronic Stability Control, Rear Vision Camera ", 7-inch Infotainment System        ," Cloth Seats, Keyless Entry, Power Mirrors                 "," LED Daytime Running Lights, 16-inch Alloy Wheels          ",90,"22,595", 4.6/5            ,chevrolet.jpg,ford.jpg
SMG9307D, Hyundai  , Sonata      ,2023, Sedan     , Gray, Gasoline  ,2.5,191,Automatic        ,120,38," ABS, Airbags, Forward Collision-Avoidance Assist, Lane Keeping Assist ", 8-inch Touchscreen Display        ," Cloth Seats, Power Front Seats, Keyless Entry         "," LED Headlights, 16-inch Alloy Wheels                      ",106,"26,650", 4.7/5            ,hyundai.jpg,jeep.jpg
SJH4980Q, Lexus    , IS          ,2023, Sedan     , Black, Gasoline  ,2.4,275,Automatic        ,130,27," ABS, Airbags, Lexus Safety System+ 3.5, Rear Cross-Traffic Alert ", 8-inch Touchscreen Display        ," Leather Seats, Power Front Seats, Keyless Entry         "," LED Headlights, 18-inch Alloy Wheels                      ",164,"41,050", 4.8/5            ,lexus.jpg,genesis.jpg
SMK4408K, Ford     , Ranger      ,2023, Truck     , Black, Gasoline  ,2.3,270,Automatic        ,120,21," ABS, Airbags, AdvanceTrac with Roll Stability Control         ", 8-inch SYNC 3 Infotainment System ," Cloth Seats, Keyless Entry, Power Mirrors                 "," LED Taillights, Bedliner, 16-inch Alloy Wheels            ",114,"28,570", 4.7/5            ,ford.jpg,subaru.jpg
SMT7076E, Toyota   , Tundra      ,2023, Truck     , Gray, Gasoline  ,3.5,389,Automatic        ,120,16," ABS, Airbags, Toyota Safety Sense P, Rear Parking Assist Sonar ", 8-inch Touchscreen Display        ," Cloth Seats, Keyless Entry, Power Windows                 "," LED Headlights, Bedliner, 18-inch Alloy Wheels            ",170,"42,700", 4.7/5            ,toyota.jpg,chevrolet.jpg
SMS9818E, Kia      , Carnival    ,2023, Minivan   , Black, Gasoline  ,3.5,290,Automatic        ,120,22," ABS, Airbags, Forward Collision Avoidance Assist, Lane Keeping Assist ", 8-inch Touchscreen Display        ," Cloth Seats, Power Front Seats, Keyless Entry         "," LED Headlights, Dual Power Sliding Doors, 19-inch Alloy Wheels ",142,"35,600", 4.8/5            ,kia.jpg,nissan.jpg
SNL2794R, Subaru   , Outback     ,2023, SUV       , Black, Gasoline  ,2.4,228,Automatic               ,120,26," ABS, Airbags, EyeSight Driver Assist Technology, Rear Vision Camera ", 11.6-inch Touchscreen Display    ," Cloth Seats, Power Driver's Seat, Keyless Entry         "," LED Headlights, Roof Rails, 18-inch Alloy Wheels         ",127,"31,945", 4.7/5            ,subaru.jpg,chevrolet.jpg
SLY6199C, Nissan   , Frontier    ,2023, Truck     , Black, Gasoline  ,3.8,310,Automatic        ,120,19," ABS, Airbags, Nissan Safety Shield 360, RearView Monitor      ", 8-inch Touchscreen Display        ," Cloth Seats, Keyless Entry, Power Windows                 "," LED Headlights, Bedliner, 17-inch Alloy Wheels            ",115,"28,950", 4.6/5            ,nissan.jpg,mazda.jpg
SMM9100B, Hyundai  , Venue       ,2023, SUV       , Gray, Gasoline  ,1.6,121,Automatic               ,115,35," ABS, Airbags, Forward Collision-Avoidance Assist, Lane Keeping Assist ", 8-inch Touchscreen Display        ," Cloth Seats, Keyless Entry, Power Windows                 "," LED Daytime Running Lights, 17-inch Alloy Wheels          ",81,"20,400", 4.6/5            ,hyundai.jpg,ford.jpg
SNK2960J, Genesis  , GV80        ,2023, SUV       , White, Gasoline  ,2.5,300,Automatic        ,120,25," ABS, Airbags, Forward Collision Avoidance-Assist with Pedestrian Detection ", 14.5-inch Infotainment System    ," Leather Seats, Power Front Seats, Keyless Entry         "," LED Headlights, Roof Rails, 20-inch Alloy Wheels         ",190,"47,700", 4.8/5            ,genesis .jpg,audi.jpg
SKT8166J, Chevrolet, Camaro      ,2023, Coupe     , Black, Gasoline  ,2,275,Automatic        ,155,23," ABS, Airbags, StabiliTrak Electronic Stability Control       ", 8-inch Infotainment System        ," Cloth Seats, Power Driver's Seat, Keyless Entry         "," LED Headlights, Rear Spoiler, 18-inch Alloy Wheels        ",100,"25,000", 4.7/5            ,chevrolet.jpg,tesla.jpg
SJK6629N, Honda    , Fit         ,2023, Hatchback , Black, Gasoline  ,1.5,128,Automatic               ,115,36," ABS, Airbags, Collision Mitigation Braking System, Road Departure Mitigation ", 7-inch Touchscreen Display        ," Cloth Seats, Keyless Entry, Push Button Start            "," LED Daytime Running Lights, 16-inch Alloy Wheels          ",70,"17,600", 4.6/5            ,honda.jpg,toyota.jpg
SKF3334E, Ford     , Maverick    ,2023, Truck     , Black, Gasoline  ,2.5,191,Automatic        ,130,37," ABS, Airbags, Ford Co-Pilot360, Rear View Camera           ", 8-inch Touchscreen Display        ," Cloth Seats, Keyless Entry, Power Mirrors                 "," LED Taillights, Bedliner, 17-inch Alloy Wheels            ",87,"21,820", 4.8/5            ,ford.jpg,subaru.jpg
SLB4834C, Toyota   , Camry       ,2023, Sedan     , Gray, Gasoline  ,2.5,206,Automatic        ,120,39," ABS, Airbags, Toyota Safety Sense 2.5+, Rear Cross Traffic Alert ", 7-inch Touchscreen Display        ," Cloth Seats, Power Front Seats, Keyless Entry         "," LED Headlights, Alloy Wheels, Power Sunroof              ",104,"26,170", 4.7/5            ,toyota.jpg,audi.jpg
SKR2757B, Kia      , Soul        ,2023, Hatchback , Gray, Gasoline  ,2,147,Automatic               ,115,32," ABS, Airbags, Forward Collision Avoidance Assist, Lane Keeping Assist ", 8-inch Touchscreen Display        ," Cloth Seats, Power Windows, Keyless Entry                 "," LED Daytime Running Lights, 17-inch Alloy Wheels          ",85,"21,490", 4.6/5            ,kia.jpg,honda.jpg
SJF4314C, Chevrolet, Corvette    ,2023, Convertible , Black, Gasoline  ,6.2,490,Automatic        ,190,21," ABS, Airbags, Performance Traction Management, Rear View Camera ", 10.2-inch Infotainment System     ," Leather Seats, Power Driver's Seat, Bose Premium Audio     "," LED Headlights, Rear Spoiler, 19-inch Alloy Wheels         ",302,"75,590", 4.9/5            ,chevrolet.jpg,lexus.jpg
SKE9735J, Ford     , Explorer    ,2023, SUV       , White, Gasoline  ,2.3,300,Automatic        ,130,27," ABS, Airbags, Blind Spot Monitor, Rear Cross Traffic Alert ", 12-inch Touchscreen Display       ," Cloth Seats, Keyless Entry, Power Tailgate                "," LED Headlights, Roof Rails, 20-inch Alloy Wheels           ",151,"37,775", 4.8/5            ,ford.jpg,chevrolet.jpg
SMP7838K, Chevrolet, Bolt EUV    ,2023, SUV       , Blue, Electric  , N/A             ,200,Automatic        ,96,110," ABS, Airbags, HD Rear Vision Camera, Lane Keep Assist with Lane Departure Warning ", 10.2-inch Infotainment Display     ," Cloth Seats, Keyless Entry, Wireless Smartphone Charging "," LED Headlights, Roof Rails, 17-inch Alloy Wheels          ",135,"33,995", 4.9/5            ,chevrolet.jpg,subaru.jpg
SJT2952E, Toyota   , Prius       ,2023, Hatchback , White, Hybrid    ,1.8,96,Automatic               ,115,50," ABS, Airbags, Pre-Collision System, Lane Departure Alert    ", 7-inch Touchscreen Display        ," Cloth Seats, Keyless Entry, Push Button Start            "," LED Headlights, 15-inch Alloy Wheels                      ",111,"27,900", 4.7/5            ,toyota.jpg,ford.jpg
SLR2721C, GMC      , Acadia      ,2023, SUV       , Black, Gasoline  ,2,228,Automatic        ,130,23," ABS, Airbags, Lane Keep Assist, Rear Cross Traffic Alert ", 8-inch Infotainment System        ," Cloth Seats, Keyless Entry, Power Liftgate                "," LED Headlights, Roof Rails, 18-inch Alloy Wheels           ",135,"33,900", 4.7/5            ,gmc.jpg,toyota.jpg
SNA2904U, Hyundai  , Venue       ,2023, SUV       , Gray, Gasoline  ,1.6,121,Automatic               ,115,35," ABS, Airbags, Forward Collision-Avoidance Assist, Lane Keeping Assist ", 8-inch Touchscreen Display        ," Cloth Seats, Keyless Entry, Power Windows                 "," LED Daytime Running Lights, 17-inch Alloy Wheels          ",81,"20,400", 4.6/5            ,hyundai.jpg,ford.jpg
SNJ9423Z, Genesis  , GV80        ,2023, SUV       , White, Gasoline  ,2.5,300,Automatic        ,120,25," ABS, Airbags, Forward Collision Avoidance-Assist with Pedestrian Detection ", 14.5-inch Infotainment System    ," Leather Seats, Power Front Seats, Keyless Entry         "," LED Headlights, Roof Rails, 20-inch Alloy Wheels         ",190,"47,700", 4.8/5            ,genesis .jpg,ford.jpg
SJW5561E, Chevrolet, Camaro      ,2023, Coupe     , Black, Gasoline  ,2,275,Automatic        ,155,23," ABS, Airbags, StabiliTrak Electronic Stability Control       ", 8-inch Infotainment System        ," Cloth Seats, Power Driver's Seat, Keyless Entry         "," LED Headlights, Rear Spoiler, 18-inch Alloy Wheels        ",100,"25,000", 4.7/5            ,chevrolet.jpg,honda.jpg
SKA7355M, Honda    , Fit         ,2023, Hatchback , Black, Gasoline  ,1.5,128,Automatic               ,115,36," ABS, Airbags, Collision Mitigation Braking System, Road Departure Mitigation ", 7-inch Touchscreen Display        ," Cloth Seats, Keyless Entry, Push Button Start            "," LED Daytime Running Lights, 16-inch Alloy Wheels          ",70,"17,600", 4.6/5            ,honda.jpg,ford.jpg
SJR8978Q, Ford     , Maverick    ,2023, Truck     , Black, Gasoline  ,2.5,191,Automatic        ,130,37," ABS, Airbags, Ford Co-Pilot360, Rear View Camera           ", 8-inch Touchscreen Display        ," Cloth Seats, Keyless Entry, Power Mirrors                 "," LED Taillights, Bedliner, 17-inch Alloy Wheels            ",87,"21,820", 4.8/5            ,ford.jpg,lexus.jpg
SJK7912J, Toyota   , Camry       ,2023, Sedan     , Gray, Gasoline  ,2.5,206,Automatic        ,120,39," ABS, Airbags, Toyota Safety Sense 2.5+, Rear Cross Traffic Alert ", 7-inch Touchscreen Display        ," Cloth Seats, Power Front Seats, Keyless Entry         "," LED Headlights, Alloy Wheels, Power Sunroof              ",104,"26,170", 4.7/5            ,toyota.jpg,gmc.jpg
SKZ9664R, Kia      , Soul        ,2023, Hatchback , Gray, Gasoline  ,2,147,Automatic               ,115,32," ABS, Airbags, Forward Collision Avoidance Assist, Lane Keeping Assist ", 8-inch Touchscreen Display        ," Cloth Seats, Power Windows, Keyless Entry                 "," LED Daytime Running Lights, 17-inch Alloy Wheels          ",85,"21,490", 4.6/5            ,kia.jpg,subaru.jpg
SKM3711U, Chevrolet, Corvette    ,2023, Convertible , Black, Gasoline  ,6.2,490,Automatic        ,190,21," ABS, Airbags, Performance Traction Management, Rear View Camera ", 10.2-inch Infotainment System     ," Leather Seats, Power Driver's Seat, Bose Premium Audio     "," LED Headlights, Rear Spoiler, 19-inch Alloy Wheels         ",302,"75,590", 4.9/5            ,chevrolet.jpg,toyota.jpg
SME2752Y, Ford     , Explorer    ,2023, SUV       , White, Gasoline  ,2.3,300,Automatic        ,130,27," ABS, Airbags, Blind Spot Monitor, Rear Cross Traffic Alert ", 12-inch Touchscreen Display       ," Cloth Seats, Keyless Entry, Power Tailgate                "," LED Headlights, Roof Rails, 20-inch Alloy Wheels           ",151,"37,775", 4.8/5            ,ford.jpg,mazda.jpg
SJM9057P, Chevrolet, Bolt EUV    ,2023, SUV       , Blue, Electric  , N/A             ,200,Automatic        ,96,110," ABS, Airbags, HD Rear Vision Camera, Lane Keep Assist with Lane Departure Warning ", 10.2-inch Infotainment Display     ," Cloth Seats, Keyless Entry, Wireless Smartphone Charging "," LED Headlights, Roof Rails, 17-inch Alloy Wheels          ",135,"33,995", 4.9/5            ,chevrolet.jpg,toyota.jpg
SNJ6049A, Toyota   , Prius       ,2023, Hatchback , White, Hybrid    ,1.8,96,Automatic               ,115,50," ABS, Airbags, Pre-Collision System, Lane Departure Alert    ", 7-inch Touchscreen Display        ," Cloth Seats, Keyless Entry, Push Button Start            "," LED Headlights, 15-inch Alloy Wheels                      ",111,"27,900", 4.7/5            ,toyota.jpg,subaru.jpg
SKK3839H, GMC      , Acadia      ,2023, SUV       , Black, Gasoline  ,2,228,Automatic        ,130,23," ABS, Airbags, Lane Keep Assist, Rear Cross Traffic Alert ", 8-inch Infotainment System        ," Cloth Seats, Keyless Entry, Power Liftgate                "," LED Headlights, Roof Rails, 18-inch Alloy Wheels           ",135,"33,900", 4.7/5            ,gmc.jpg,chevrolet.jpg
SLP8295L, Hyundai  , Venue       ,2023, SUV       , Gray, Gasoline  ,1.6,121,Automatic               ,115,35," ABS, Airbags, Forward Collision-Avoidance Assist, Lane Keeping Assist ", 8-inch Touchscreen Display        ," Cloth Seats, Keyless Entry, Power Windows                 "," LED Daytime Running Lights, 17-inch Alloy Wheels          ",81,"20,400", 4.6/5            ,hyundai.jpg,mercedes.jpg
SLG7884Y, Genesis  , GV80        ,2023, SUV       , White, Gasoline  ,2.5,300,Automatic        ,120,25," ABS, Airbags, Forward Collision Avoidance-Assist with Pedestrian Detection ", 14.5-inch Infotainment System    ," Leather Seats, Power Front Seats, Keyless Entry         "," LED Headlights, Roof Rails, 20-inch Alloy Wheels         ",190,"47,700", 4.8/5            ,genesis .jpg,ford.jpg
SNG9881J, Chevrolet, Camaro      ,2023, Coupe     , Black, Gasoline  ,2,275,Automatic        ,155,23," ABS, Airbags, StabiliTrak Electronic Stability Control       ", 8-inch Infotainment System        ," Cloth Seats, Power Driver's Seat, Keyless Entry         "," LED Headlights, Rear Spoiler, 18-inch Alloy Wheels        ",100,"25,000", 4.7/5            ,chevrolet.jpg,lexus.jpg
SNJ2343U, Honda    , Fit         ,2023, Hatchback , Black, Gasoline  ,1.5,128,Automatic               ,115,36," ABS, Airbags, Collision Mitigation Braking System, Road Departure Mitigation ", 7-inch Touchscreen Display        ," Cloth Seats, Keyless Entry, Push Button Start            "," LED Daytime Running Lights, 16-inch Alloy Wheels          ",70,"17,600", 4.6/5            ,honda.jpg,volvo.jpg
SLW6348H, Ford     , Maverick    ,2023, Truck     , Black, Gasoline  ,2.5,191,Automatic        ,130,37," ABS, Airbags, Ford Co-Pilot360, Rear View Camera           ", 8-inch Touchscreen Display        ," Cloth Seats, Keyless Entry, Power Mirrors                 "," LED Taillights, Bedliner, 17-inch Alloy Wheels            ",87,"21,820", 4.8/5            ,ford.jpg,chevrolet.jpg
SML2565H, Toyota   , Camry       ,2023, Sedan     , Gray, Gasoline  ,2.5,206,Automatic        ,120,39," ABS, Airbags, Toyota Safety Sense 2.5+, Rear Cross Traffic Alert ", 7-inch Touchscreen Display        ," Cloth Seats, Power Front Seats, Keyless Entry         "," LED Headlights, Alloy Wheels, Power Sunroof              ",104,"26,170", 4.7/5            ,toyota.jpg,gmc.jpg
SMA7307D, Kia      , Soul        ,2023, Hatchback , Gray, Gasoline  ,2,147,Automatic               ,115,32," ABS, Airbags, Forward Collision Avoidance Assist, Lane Keeping Assist ", 8-inch Touchscreen Display        ," Cloth Seats, Power Windows, Keyless Entry                 "," LED Daytime Running Lights, 17-inch Alloy Wheels          ",85,"21,490", 4.6/5            ,kia.jpg,hyundai.jpg
SLL6053U, Chevrolet, Corvette    ,2023, Convertible , Black, Gasoline  ,6.2,490,Automatic        ,190,21," ABS, Airbags, Performance Traction Management, Rear View Camera ", 10.2-inch Infotainment System     ," Leather Seats, Power Driver's Seat, Bose Premium Audio     "," LED Headlights, Rear Spoiler, 19-inch Alloy Wheels         ",302,"75,590", 4.9/5            ,chevrolet.jpg,genesis.jpg
SNB8759N, Ford     , Explorer    ,2023, SUV       , White, Gasoline  ,2.3,300,Automatic        ,130,27," ABS, Airbags, Blind Spot Monitor, Rear Cross Traffic Alert ", 12-inch Touchscreen Display       ," Cloth Seats, Keyless Entry, Power Tailgate                "," LED Headlights, Roof Rails, 20-inch Alloy Wheels           ",151,"37,775", 4.8/5            ,ford.jpg,jeep.jpg
SND9973B, Chevrolet, Bolt EUV    ,2023, SUV       , Blue, Electric  , N/A             ,200,Automatic        ,96,110," ABS, Airbags, HD Rear Wireless Smartphone Charging ",,," LED Headlights, Roof Rails, 17-inch Alloy Wheels          ",135,"33,995", 4.9/5            ,chevrolet.jpg,ford.jpg
SLP6446J, Toyota   , Prius       ,2023, Hatchback , White, Hybrid    ,1.8,96,Automatic               ,115,50," ABS, Airbags, Pre-Collision System, Lane Departure Alert    ", 7-inch Touchscreen Display        ," Cloth Seats, Keyless Entry, Push Button Start            "," LED Headlights, 15-inch Alloy Wheels                      ",111,"27,900", 4.7/5            ,toyota.jpg,audi.jpg
SMA8345Z, GMC      , Acadia      ,2023, SUV       , Black, Gasoline  ,2,228,Automatic        ,130,23," ABS, Airbags, Lane Keep Assist, Rear Cross Traffic Alert ", 8-inch Infotainment System        ," Cloth Seats, Keyless Entry, Power Liftgate                "," LED Headlights, Roof Rails, 18-inch Alloy Wheels           ",135,"33,900", 4.7/5            ,gmc.jpg,chevrolet.jpg
SMN9976L, Hyundai  , Venue       ,2023, SUV       , Gray, Gasoline  ,1.6,121,Automatic               ,115,35," ABS, Airbags, Forward Collision-Avoidance Assist, Lane Keeping Assist ", 8-inch Touchscreen Display        ," Cloth Seats, Keyless Entry, Power Windows                 "," LED Daytime Running Lights, 17-inch Alloy Wheels          ",81,"20,400", 4.6/5            ,hyundai.jpg,chevrolet.jpg
SNH2165E, Genesis  , GV80        ,2023, SUV       , White, Gasoline  ,2.5,300,Automatic        ,120,25," ABS, Airbags, Forward Collision Avoidance-Assist with Pedestrian Detection ", 14.5-inch Infotainment System    ," Leather Seats, Power Front Seats, Keyless Entry         "," LED Headlights, Roof Rails, 20-inch Alloy Wheels         ",190,"47,700", 4.8/5            ,genesis .jpg,chevrolet.jpg
SKE1891Q, Chevrolet, Camaro      ,2023, Coupe     , Black, Gasoline  ,2,275,Automatic        ,155,23," ABS, Airbags, StabiliTrak Electronic Stability Control       ", 8-inch Infotainment System        ," Cloth Seats, Power Driver's Seat, Keyless Entry         "," LED Headlights, Rear Spoiler, 18-inch Alloy Wheels        ",100,"25,000", 4.7/5            ,chevrolet.jpg,kia.jpg
SKQ4596N, Honda    , Fit         ,2023, Hatchback , Black, Gasoline  ,1.5,128,Automatic               ,115,36," ABS, Airbags, Collision Mitigation Braking System, Road Departure Mitigation ", 7-inch Touchscreen Display        ," Cloth Seats, Keyless Entry, Push Button Start            "," LED Daytime Running Lights, 16-inch Alloy Wheels          ",70,"17,600", 4.6/5            ,honda.jpg,gmc.jpg
SNG8708N, Ford     , Maverick    ,2023, Truck     , Black, Gasoline  ,2.5,191,Automatic        ,130,37," ABS, Airbags, Ford Co-Pilot360, Rear View Camera           ", 8-inch Touchscreen Display        ," Cloth Seats, Keyless Entry, Power Mirrors                 "," LED Taillights, Bedliner, 17-inch Alloy Wheels            ",87,"21,820", 4.8/5            ,ford.jpg,mazda.jpg
SLE6863X, Toyota   , Camry       ,2023, Sedan     , Gray, Gasoline  ,2.5,206,Automatic        ,120,39," ABS, Airbags, Toyota Safety Sense 2.5+, Rear Cross Traffic Alert ", 7-inch Touchscreen Display        ," Cloth Seats, Power Front Seats, Keyless Entry         "," LED Headlights, Alloy Wheels, Power Sunroof              ",104,"26,170", 4.7/5            ,toyota.jpg,chevrolet.jpg
SLG3022Q, Kia      , Soul        ,2023, Hatchback , Gray, Gasoline  ,2,147,Automatic               ,115,32," ABS, Airbags, Forward Collision Avoidance Assist, Lane Keeping Assist ", 8-inch Touchscreen Display        ," Cloth Seats, Power Windows, Keyless Entry                 "," LED Daytime Running Lights, 17-inch Alloy Wheels          ",85,"21,490", 4.6/5            ,kia.jpg,genesis.jpg
SLS3328Z, Chevrolet, Corvette    ,2023, Convertible , Black, Gasoline  ,6.2,490,Automatic        ,190,21," ABS, Airbags, Performance Traction Management, Rear View Camera ", 10.2-inch Infotainment System     ," Leather Seats, Power Driver's Seat, Bose Premium Audio     "," LED Headlights, Rear Spoiler, 19-inch Alloy Wheels         ",302,"75,590", 4.9/5            ,chevrolet.jpg,chevrolet.jpg
SMB2253X, Ford     , Explorer    ,2023, SUV       , White, Gasoline  ,2.3,300,Automatic        ,130,27," ABS, Airbags, Blind Spot Monitor, Rear Cross Traffic Alert ", 12-inch Touchscreen Display       ," Cloth Seats, Keyless Entry, Power Tailgate                "," LED Headlights, Roof Rails, 20-inch Alloy Wheels           ",151,"37,775", 4.8/5            ,ford.jpg,toyota.jpg
SKT2339B, Chevrolet, Bolt EUV    ,2023, SUV       , Blue, Electric  , N/A             ,200,Automatic        ,96,110," ABS, Airbags, HD Rear Vision Camera, Lane Keep Assist with Lane Departure Warning ", 10.2-inch Infotainment Display     ," Cloth Seats, Keyless Entry, Wireless Smartphone Charging "," LED Headlights, Roof Rails, 17-inch Alloy Wheels          ",135,"33,995", 4.9/5            ,chevrolet.jpg,honda.jpg
SMW8208H, Toyota   , Prius       ,2023, Hatchback , White, Hybrid    ,1.8,96,Automatic               ,115,50," ABS, Airbags, Pre-Collision System, Lane Departure Alert    ", 7-inch Touchscreen Display        ," Cloth Seats, Keyless Entry, Push Button Start            "," LED Headlights, 15-inch Alloy Wheels                      ",111,"27,900", 4.7/5            ,toyota.jpg,kia.jpg
SLD3658B, GMC      , Acadia      ,2023, SUV       , Black, Gasoline  ,2,228,Automatic        ,130,23," ABS, Airbags, Lane Keep Assist, Rear Cross Traffic Alert ", 8-inch Infotainment System        ," Cloth Seats, Keyless Entry, Power Liftgate                "," LED Headlights, Roof Rails, 18-inch Alloy Wheels           ",135,"33,900", 4.7/5            ,gmc.jpg,mercedes.jpg
SNM5014J, Hyundai  , Venue       ,2023, SUV       , Gray, Gasoline  ,1.6,121,Automatic               ,115,35," ABS, Airbags, Forward Collision-Avoidance Assist, Lane Keeping Assist ", 8-inch Touchscreen Display        ," Cloth Seats, Keyless Entry, Power Windows                 "," LED Daytime Running Lights, 17-inch Alloy Wheels          ",81,"20,400", 4.6/5            ,hyundai.jpg,honda.jpg
SMH1724B, Genesis  , GV80        ,2023, SUV       , White, Gasoline  ,2.5,300,Automatic        ,120,25," ABS, Airbags, Forward Collision Avoidance-Assist with Pedestrian Detection ", 14.5-inch Infotainment System    ," Leather Seats, Power Front Seats, Keyless Entry         "," LED Headlights, Roof Rails, 20-inch Alloy Wheels         ",190,"47,700", 4.8/5            ,genesis .jpg,chevrolet.jpg
SKM7800B, Chevrolet, Camaro      ,2023, Coupe     , Black, Gasoline  ,2,275,Automatic        ,155,23," ABS, Airbags, StabiliTrak Electronic Stability Control       ", 8-inch Infotainment System        ," Cloth Seats, Power Driver's Seat, Keyless Entry         "," LED Headlights, Rear Spoiler, 18-inch Alloy Wheels        ",100,"25,000", 4.7/5            ,chevrolet.jpg,subaru.jpg
SKQ8235N, Honda    , Fit         ,2023, Hatchback , Black, Gasoline  ,1.5,128,Automatic               ,115,36," ABS, Airbags, Collision Mitigation Braking System, Road Departure Mitigation ", 7-inch Touchscreen Display        ," Cloth Seats, Keyless Entry, Push Button Start            "," LED Daytime Running Lights, 16-inch Alloy Wheels          ",70,"17,600", 4.6/5            ,honda.jpg,genesis.jpg
SMZ1278J, Ford     , Maverick    ,2023, Truck     , Black, Gasoline  ,2.5,191,Automatic        ,130,37," ABS, Airbags, Ford Co-Pilot360, Rear View Camera           ", 8-inch Touchscreen Display        ," Cloth Seats, Keyless Entry, Power Mirrors                 "," LED Taillights, Bedliner, 17-inch Alloy Wheels            ",87,"21,820", 4.8/5            ,ford.jpg,genesis.jpg
SNF1428J, Toyota   , Camry       ,2023, Sedan     , Gray, Gasoline  ,2.5,206,Automatic        ,120,39," ABS, Airbags, Toyota Safety Sense 2.5+, Rear Cross Traffic Alert ", 7-inch Touchscreen Display        ," Cloth Seats, Power Front Seats, Keyless Entry         "," LED Headlights, Alloy Wheels, Power Sunroof              ",104,"26,170", 4.7/5            ,toyota.jpg,kia.jpg
SND2133L, Kia      , Soul        ,2023, Hatchback , Gray, Gasoline  ,2,147,Automatic               ,115,32," ABS, Airbags, Forward Collision Avoidance Assist, Lane Keeping Assist ", 8-inch Touchscreen Display        ," Cloth Seats, Power Windows, Keyless Entry                 "," LED Daytime Running Lights, 17-inch Alloy Wheels          ",85,"21,490", 4.6/5            ,kia.jpg,subaru.jpg
SMY6848G, Chevrolet, Corvette    ,2023, Convertible , Black, Gasoline  ,6.2,490,Automatic        ,190,21," ABS, Airbags, Performance Traction Management, Rear View Camera ", 10.2-inch Infotainment System     ," Leather Seats, Power Driver's Seat, Bose Premium Audio     "," LED Headlights, Rear Spoiler, 19-inch Alloy Wheels         ",302,"75,590", 4.9/5            ,chevrolet.jpg,acura.jpg
SLU9022B, Ford     , Explorer    ,2023, SUV       , White, Gasoline  ,2.3,300,Automatic        ,130,27," ABS, Airbags, Blind Spot Monitor, Rear Cross Traffic Alert ", 12-inch Touchscreen Display       ," Cloth Seats, Keyless Entry, Power Tailgate                "," LED Headlights, Roof Rails, 20-inch Alloy Wheels           ",151,"37,775", 4.8/5            ,ford.jpg,toyota.jpg
SJC7859M, Chevrolet, Bolt EUV    ,2023, SUV       , Blue, Electric  , N/A             ,200,Automatic        ,96,110," ABS, Airbags, HD Rear Vision Camera, Lane Keep Assist with Lane Departure Warning ", 10.2-inch Infotainment Display     ," Cloth Seats, Keyless Entry, Wireless Smartphone Charging "," LED Headlights, Roof Rails, 17-inch Alloy Wheels          ",135,"33,995", 4.9/5            ,chevrolet.jpg,gmc.jpg
SJX7663G, Toyota   , Prius       ,2023, Hatchback , White, Hybrid    ,1.8,96,Automatic               ,115,50," ABS, Airbags, Pre-Collision System, Lane Departure Alert    ", 7-inch Touchscreen Display        ," Cloth Seats, Keyless Entry, Push Button Start            "," LED Headlights, 15-inch Alloy Wheels                      ",111,"27,900", 4.7/5            ,toyota.jpg,bmw.jpg
SJV5890H, GMC      , Acadia      ,2023, SUV       , Black, Gasoline  ,2,228,Automatic        ,130,23," ABS, Airbags, Lane Keep Assist, Rear Cross Traffic Alert ", 8-inch Infotainment System        ," Cloth Seats, Keyless Entry, Power Liftgate                "," LED Headlights, Roof Rails, 18-inch Alloy Wheels           ",135,"33,900", 4.7/5            ,gmc.jpg,chevrolet.jpg
SJA7151X, Hyundai  , Venue       ,2023, SUV       , Gray, Gasoline  ,1.6,121,Automatic               ,115,35," ABS, Airbags, Forward Collision-Avoidance Assist, Lane Keeping Assist ", 8-inch Touchscreen Display        ," Cloth Seats, Keyless Entry, Power Windows                 "," LED Daytime Running Lights, 17-inch Alloy Wheels          ",81,"20,400", 4.6/5            ,hyundai.jpg,acura.jpg
SJE1148Y, Genesis  , GV80        ,2023, SUV       , White, Gasoline  ,2.5,300,Automatic        ,120,25," ABS, Airbags, Forward Collision Avoidance-Assist with Pedestrian Detection ", 14.5-inch Infotainment System    ," Leather Seats, Power Front Seats, Keyless Entry         "," LED Headlights, Roof Rails, 20-inch Alloy Wheels         ",190,"47,700", 4.8/5            ,genesis .jpg,honda.jpg
SLR7509G, Chevrolet, Camaro      ,2023, Coupe     , Black, Gasoline  ,2,275,Automatic        ,155,23," ABS, Airbags, StabiliTrak Electronic Stability Control       ", 8-inch Infotainment System        ," Cloth Seats, Power Driver's Seat, Keyless Entry         "," LED Headlights, Rear Spoiler, 18-inch Alloy Wheels        ",100,"25,000", 4.7/5            ,chevrolet.jpg,chevrolet.jpg
SKV4201T, Honda    , Fit         ,2023, Hatchback , Black, Gasoline  ,1.5,128,Automatic               ,115,36," ABS, Airbags, Collision Mitigation Braking System, Road Departure Mitigation ", 7-inch Touchscreen Display        ," Cloth Seats, Keyless Entry, Push Button Start            "," LED Daytime Running Lights, 16-inch Alloy Wheels          ",70,"17,600", 4.6/5            ,honda.jpg,ford.jpg
SMA4572D, Ford     , Maverick    ,2023, Truck     , Black, Gasoline  ,2.5,191,Automatic        ,130,37," ABS, Airbags, Ford Co-Pilot360, Rear View Camera           ", 8-inch Touchscreen Display        ," Cloth Seats, Keyless Entry, Power Mirrors                 "," LED Taillights, Bedliner, 17-inch Alloy Wheels            ",87,"21,820", 4.8/5            ,ford.jpg,hyundai.jpg
SMS4574E, Toyota   , Camry       ,2023, Sedan     , Gray, Gasoline  ,2.5,206,Automatic        ,120,39," ABS, Airbags, Toyota Safety Sense 2.5+, Rear Cross Traffic Alert ", 7-inch Touchscreen Display        ," Cloth Seats, Power Front Seats, Keyless Entry         "," LED Headlights, Alloy Wheels, Power Sunroof              ",104,"26,170", 4.7/5            ,toyota.jpg,ford.jpg
SMN3253Y, Kia      , Soul        ,2023, Hatchback , Gray, Gasoline  ,2,147,Automatic               ,115,32," ABS, Airbags, Forward Collision Avoidance Assist, Lane Keeping Assist ", 8-inch Touchscreen Display        ," Cloth Seats, Power Windows, Keyless Entry                 "," LED Daytime Running Lights, 17-inch Alloy Wheels          ",85,"21,490", 4.6/5            ,kia.jpg,hyundai.jpg
SJQ8841M, Chevrolet, Corvette    ,2023, Convertible , Black, Gasoline  ,6.2,490,Automatic        ,190,21," ABS, Airbags, Performance Traction Management, Rear View Camera ", 10.2-inch Infotainment System     ," Leather Seats, Power Driver's Seat, Bose Premium Audio     "," LED Headlights, Rear Spoiler, 19-inch Alloy Wheels         ",302,"75,590", 4.9/5            ,chevrolet.jpg,ford.jpg
SKM4761T, Ford     , Explorer    ,2023, SUV       , White, Gasoline  ,2.3,300,Automatic        ,130,27," ABS, Airbags, Blind Spot Monitor, Rear Cross Traffic Alert ", 12-inch Touchscreen Display       ," Cloth Seats, Keyless Entry, Power Tailgate                "," LED Headlights, Roof Rails, 20-inch Alloy Wheels           ",151,"37,775", 4.8/5            ,ford.jpg,kia.jpg
SMT4167C, Chevrolet, Bolt EUV    ,2023, SUV       , Blue, Electric  , N/A             ,200,Automatic        ,96,27,,," Leather Seats, Keyless Entry, Wireless Smartphone Charging "," LED Headlights, Roof Rails, 19-inch Alloy Wheels          ",135,"33,995", 4.9/5            ,chevrolet.jpg,hyundai.jpg
SLH6271A, Tesla    , Model 3     ,2023, Sedan     , Silver, Electric  , N/A             ,241,Automatic        ,140,315," ABS, Airbags, Autopilot, Lane Departure Warning             ", 15-inch Touchscreen Display       ," Leather Seats, Keyless Entry, Push Button Start           "," LED Headlights, Power Liftgate, 20-inch Alloy Wheels       ",180,"45,000", 4.8/5            ,tesla.jpg,chevrolet.jpg
SMT6171R, Jeep     , Wrangler    ,2023, SUV       , Black, Gasoline  ,3,285,Automatic        ,110,20," ABS, Airbags, Electronic Stability Control, ParkView Rear Back-Up Camera ", 8.4-inch Uconnect Touchscreen      ," Cloth Seats, Keyless Entry, Removable Doors               "," LED Headlights, Off-Road Suspension, 17-inch Alloy Wheels ",134,"33,590", 4.7/5            ,jeep.jpg,toyota.jpg
SJT7939P, Audi     , A5          ,2023, Coupe     , White, Gasoline  ,2,261,Automatic        ,130,34," ABS, Airbags, Audi Pre Sense Basic, Audi Pre Sense City      ", 10.1-inch MMI Touch Display       ," Leather Seats, Keyless Entry, Sunroof                    "," LED Headlights, 18-inch Alloy Wheels                     ",180,"45,000", 4.8/5            ,audi.jpg,subaru.jpg
SKW7451Q, Subaru   , Outback     ,2023, Wagon     , Green, Gasoline  ,2.4,260,Automatic        ,135,29," ABS, Airbags, EyeSight Driver Assist Technology, Rear Vision Camera ", 11.6-inch STARLINK Display        ," Cloth Seats, Keyless Entry, Power Liftgate                "," LED Headlights, Roof Rails, 18-inch Alloy Wheels           ",111,"27,845", 4.7/5            ,subaru.jpg,ford.jpg
SJG9599Q, BMW      , X5          ,2023, SUV       , Gray, Gasoline  ,3,389,Automatic        ,155,23," ABS, Airbags, Dynamic Stability Control, Rear View Camera   ", 12.3-inch Central Display        ," Leather Seats, Keyless Entry, Panoramic Moonroof         "," LED Headlights, 20-inch Alloy Wheels                      ",250,"62,695", 4.8/5            ,bmw.jpg,gmc.jpg
SJJ8945U, Nissan   , Rogue Sport ,2023, SUV       , White, Gasoline  ,2.5,181,Automatic               ,130,32," ABS, Airbags, Intelligent Forward Collision Warning, RearView Monitor ", 7-inch Touchscreen Display        ," Cloth Seats, Keyless Entry, Power Mirrors                 "," LED Daytime Running Lights, 17-inch Alloy Wheels          ",93,"23,430", 4.6/5            ,nissan.jpg,hyundai.jpg
SLF8124T, Volvo    , XC40        ,2023, SUV       , White, Gasoline  ,2,248,Automatic        ,140,27," ABS, Airbags, City Safety Collision Avoidance Technology    ", 9-inch Sensus Touchscreen         ," Leather Seats, Keyless Entry, Panoramic Moonroof         "," LED Headlights, 18-inch Alloy Wheels                     ",142,"35,700", 4.8/5            ,volvo.jpg,ford.jpg
SLZ7150L, Mazda    , MX-5 Miata  ,2023, Convertible , Black, Gasoline  ,2,181,Manual           ,120,34," ABS, Airbags, Rearview Camera, Blind Spot Monitoring        ", 7-inch MAZDA CONNECT Display     ," Leather Seats, Keyless Entry, Bose Audio System           "," LED Headlights, 17-inch Alloy Wheels                     ",111,"27,775", 4.7/5            ,mazda.jpg,chevrolet.jpg
SJX9753N, Lexus    , ES          ,2023, Sedan     , Black, Gasoline  ,3.5,302,Automatic        ,130,34," ABS, Airbags, Lexus Safety System+ 3.0, Backup Camera       ", 8-inch Lexus Multimedia System   ," Leather Seats, Keyless Entry, Sunroof                    "," LED Headlights, 18-inch Alloy Wheels                     ",161,"40,325", 4.8/5            ,lexus.jpg,chevrolet.jpg
SMV4676X, Subaru   , Forester    ,2023, SUV       , Black, Gasoline  ,2.5,182,Automatic               ,130,28," ABS, Airbags, EyeSight Driver Assist Technology, Rear Vision Camera ", 8.0-inch STARLINK Display        ," Cloth Seats, Keyless Entry, Power Windows                 "," LED Headlights, Roof Rails, 17-inch Alloy Wheels           ",100,"25,195", 4.7/5            ,subaru.jpg,volkswagen.jpg
SNF3176A, Audi     , Q5          ,2023, SUV       , White, Gasoline  ,2,261,Automatic        ,130,28," ABS, Airbags, Audi Pre Sense Basic, Audi Pre Sense City      ", 10.1-inch MMI Touch Display       ," Leather Seats, Keyless Entry, Panoramic Sunroof          "," LED Headlights, 18-inch Alloy Wheels                     ",182,"45,600", 4.7/5            ,audi.jpg,ford.jpg
SKQ1295P, Hyundai  , Santa Fe    ,2023, SUV       , White, Gasoline  ,2.5,191,Automatic        ,130,26," ABS, Airbags, Forward Collision-Avoidance Assist with Pedestrian Detection ", 8-inch Touchscreen Display        ," Cloth Seats, Keyless Entry, Rear Occupant Alert          "," LED Headlights, 18-inch Alloy Wheels                     ",110,"27,700", 4.6/5            ,hyundai.jpg,ford.jpg
SJP4066D, Acura    , RDX         ,2023, SUV       , White, Gasoline  ,2,272,Automatic        ,135,27," ABS, Airbags, AcuraWatch, Multi-View Rear Camera           ", 10.2-inch True Touchpad Interface ," Leather Seats, Keyless Entry, Panoramic Moonroof         "," LED Headlights, 19-inch Alloy Wheels                     ",156,"39,000", 4.7/5            ,acura .jpg,volkswagen.jpg
SMV7080Y, Mazda    , Mazda6      ,2023, Sedan     , Red, Gasoline  ,2.5,187,Automatic        ,130,31," ABS, Airbags, Mazda Connected Services, Rearview Camera    ", 8-inch MAZDA CONNECT Display     ," Cloth Seats, Keyless Entry, Dual-Zone Climate Control     "," LED Headlights, 17-inch Alloy Wheels                     ",97,"24,325", 4.7/5            ,mazda.jpg,honda.jpg
SLF4560H, Lexus    , RX          ,2023, SUV       , Black, Gasoline  ,3.5,290,Automatic        ,130,29," ABS, Airbags, Lexus Safety System+ 3.0, Rear View Camera    ", 8-inch Lexus Multimedia System   ," Leather Seats, Keyless Entry, Power Liftgate              "," LED Headlights, 18-inch Alloy Wheels                     ",194,"48,500", 4.8/5            ,lexus.jpg,toyota.jpg
SMX1547A, Kia      , Sportage    ,2023, SUV       , White, Gasoline  ,2.4,181,Automatic               ,130,27," ABS, Airbags, Forward Collision-Avoidance Assist, Rear View Camera ", 8-inch Touchscreen Display        ," Cloth Seats, Keyless Entry, Lane Keeping Assist          "," LED Headlights, 18-inch Alloy Wheels                     ",100,"25,000", 4.6/5            ,kia.jpg,kia.jpg
SKJ5889C, BMW      , 5 Series    ,2023, Sedan     , Black, Gasoline  ,2,248,Automatic        ,130,31," ABS, Airbags, Active Driving Assistant, Rear View Camera   ", 12.3-inch Central Display        ," Leather Seats, Keyless Entry, Sunroof                    "," LED Headlights, 18-inch Alloy Wheels                     ",216,"54,200", 4.8/5            ,bmw.jpg,kia.jpg
SLM9800T, Ford     , Escape      ,2023, SUV       , White, Gasoline  ,1.5,181,Automatic        ,130,30," ABS, Airbags, Ford Co-Pilot360, Rear View Camera           ", 8-inch Touchscreen Display        ," Cloth Seats, Keyless Entry, Power Windows                 "," LED Headlights, 18-inch Alloy Wheels                     ",110,"27,650", 4.6/5            ,ford.jpg,honda.jpg
SNN2437H, Infiniti , QX50        ,2023, SUV       , Black, Gasoline  ,2,268,Automatic        ,135,29," ABS, Airbags, Predictive Forward Collision Warning, Rear View Monitor ", 8-inch Dual Display System        ," Leather Seats, Keyless Entry, Panoramic Moonroof         "," LED Headlights, 20-inch Alloy Wheels                     ",160,"40,100", 4.7/5            ,infiniti .jpg,volkswagen.jpg
SMG8488E, Nissan   , Pathfinder  ,2023, SUV       , White, Gasoline  ,3.5,284,Automatic        ,120,26," ABS, Airbags, Intelligent Forward Collision Warning, RearView Monitor ", 8-inch Touchscreen Display        ," Cloth Seats, Keyless Entry, Tri-Zone Climate Control      "," LED Headlights, 18-inch Alloy Wheels                     ",133,"33,410", 4.6/5            ,nissan.jpg,honda.jpg
SLR9384G, Volvo    , XC60        ,2023, SUV       , White, Gasoline  ,2,250,Automatic        ,140,26," ABS, Airbags, City Safety Collision Avoidance Technology    ", 9-inch Sensus Touchscreen         ," Leather Seats, Keyless Entry, Panoramic Moonroof         "," LED Headlights, 19-inch Alloy Wheels                     ",169,"42,400", 4.8/5            ,volvo.jpg,hyundai.jpg
SJZ2120Y, Subaru   , Legacy      ,2023, Sedan     , White, Gasoline  ,2.4,182,Automatic               ,130,35," ABS, Airbags, EyeSight Driver Assist Technology, Rear Vision Camera ", 11.6-inch STARLINK Display        ," Cloth Seats, Keyless Entry, Dual-Zone Climate Control     "," LED Headlights, 17-inch Alloy Wheels                     ",91,"22,995", 4.7/5            ,subaru.jpg,kia.jpg
SKY1164Z, Acura    , MDX         ,2023, SUV       , White, Gasoline  ,3.5,290,Automatic        ,130,27," ABS, Airbags, AcuraWatch, Multi-View Rear Camera           ", 12.3-inch True Touchpad Interface ," Leather Seats, Keyless Entry, Panoramic Moonroof         "," LED Headlights, 20-inch Alloy Wheels                     ",187,"46,900", 4.7/5            ,acura .jpg,chevrolet.jpg
SNH9751K, Mazda    , CX-5        ,2023, SUV       , White, Gasoline  ,2.5,187,Automatic        ,130,31," ABS, Airbags, Mazda Connected Services", 12.3-inch True Touchpad Interface ," Leather Seats, Keyless Entry, Panoramic Moonroof         "," LED Headlights, 20-inch Alloy Wheels                     ",220,"55,000",3.4/5,mazda.jpg,nissan.jpg
