License Plates, Car Make , Car Model   , Year , Body Type , Color Options                 , Fuel Type , Engine Size (L) , Horsepower , Transmission Type , Top Speed (mph) , Mileage, Safety Features                                      , Entertainment Features               , Interior Features                                , Exterior Features                                           , Price ($) , Customer Ratings , Sales Figures (Units Sold) 
SKF2418Z, Toyota   , Camry       ,2022, Sedan     ," White, Silver, Black          ", Gasoline  ,2.5,203,Automatic        ,135,31," ABS, Airbags, Lane-Keeping Assist, Blind Spot Monitor ", 8-inch Touchscreen Infotainment System ," Leather Seats, Power Driver's Seat, Dual-Zone Climate Control "," LED Headlights, Alloy Wheels, Sunroof                       ","28,500", 4.5/5            ,"1,500"
SMX6486P, Ford     , F-150       ,2023, Truck     ," Blue, Red, Gray               ", Gasoline  ,3.5,375,Automatic        ,145,23," ABS, Airbags, Trailer Sway Control, Rear View Camera  ", 12-inch SYNC 4 Infotainment System   ," Cloth Seats, Power Windows, Keyless Entry                 "," LED Taillights, Tow Hitch, Bed Liner                        ","45,900", 4.8/5            ,"2,200"
SMP3900U, Honda    , Civic       ,2023, Sedan     ," Black, Blue, Silver           ", Gasoline  ,1.8,158,Automatic               ,120,36," ABS, Airbags, Lane Departure Warning, Rear Cross Traffic Alert ", 7-inch Display Audio System       ," Cloth Seats, Bluetooth Connectivity, Push Button Start   "," LED Daytime Running Lights, Alloy Wheels                   ","22,950", 4.6/5            ,"2,800"
SLF5414B, Chevrolet, Tahoe       ,2023, SUV       ," Red, White, Gray              ", Gasoline  ,5.3,355,Automatic        ,130,19," ABS, Airbags, Forward Collision Warning, Lane Keep Assist ", 10.2-inch Infotainment System      ," Leather Seats, Heated Front Seats, Third-Row Seating     "," LED Headlights, Roof Rails, Power Liftgate                 ","53,250", 4.7/5            ,"1,000"
SLH5895X, Tesla    , Model 3     ,2023, Sedan     ," Blue, Red, Silver             ", Electric  , N/A             ,283,Automatic        ,140,125," Enhanced Autopilot, Lane Departure Warning, Autopark   ", 15.4-inch Infotainment Display     ," Vegan Leather Seats, Heated Steering Wheel, Premium Audio "," Panoramic Glass Roof, Power Trunk, Alloy Wheels             ","49,990", 4.9/5            ,"4,500"
SJM5466K, Nissan   , Rogue       ,2023, SUV       ," Green, Black, White           ", Gasoline  ,2.5,181,Automatic               ,115,28," ABS, Airbags, Blind Spot Warning, Rear Cross Traffic Alert ", 8-inch Touchscreen Display        ," Cloth Seats, Power Mirrors, Dual-Zone Climate Control     "," LED Taillights, Roof Rails, Power Liftgate                 ","27,850", 4.6/5            ,"2,100"
SKU1456H, BMW      , X5          ,2022, SUV       ," Black, Gray, Blue             ", Gasoline  ,3,335,Automatic        ,155,24," ABS, Airbags, Lane Departure Warning, Parking Assist     ", 12.3-inch Digital Instrument Cluster ," Leather Seats, Heated Front Seats, Panoramic Sunroof      "," LED Headlights, Roof Rails, 20-inch Alloy Wheels          ","62,700", 4.7/5            ,"1,300"
SJJ3236D, Hyundai  , Sonata      ,2023, Sedan     ," Red, Silver, White            ", Gasoline  ,2.5,191,Automatic        ,130,29," ABS, Airbags, Forward Collision Warning, Lane Keeping Assist ", 10.25-inch Touchscreen Display    ," Leather Seats, Power Driver's Seat, Push Button Start     "," LED Daytime Running Lights, Alloy Wheels                   ","28,450", 4.8/5            ,"2,000"
SMV8037B, Ford     , Mustang     ,2023, Coupe     ," Yellow, Black, Red            ", Gasoline  ,5,450,Manual            ,180,19," ABS, Airbags, Traction Control, Electronic Stability Control ", 12-inch SYNC 4 Infotainment System  ," Leather Seats, Power Driver's Seat, Ambient Lighting        "," LED Headlights, Rear Spoiler, Dual Exhaust                 ","42,850", 4.9/5            ,"1,800"
SNA3960E, Toyota   , RAV4        ,2023, SUV       ," Blue, Silver, Green           ", Gasoline  ,2.5,203,Automatic        ,120,30," ABS, Airbags, Lane Tracing Assist, Blind Spot Monitoring  ", 7-inch Touchscreen Display        ," Cloth Seats, Keyless Entry, Dual-Zone Climate Control     "," LED Daytime Running Lights, Roof Rails                   ","29,350", 4.5/5            ,"2,500"
SLH2440J, Audi     , A4          ,2023, Sedan     ," White, Gray, Black            ", Gasoline  ,2,201,Automatic        ,130,26," ABS, Airbags, Lane Departure Warning, Adaptive Cruise Control ", 10.1-inch MMI Touchscreen Display  ," Leather Seats, Heated Front Seats, Tri-Zone Climate Control "," LED Headlights, Sunroof, 18-inch Alloy Wheels              ","39,900", 4.6/5            ,"2,300"
SMU2937Z, GMC      , Sierra      ,2023, Truck     ," Red, Black, White             ", Gasoline  ,6.2,420,Automatic        ,140,17," ABS, Airbags, Trailer Brake Control, Rear View Camera    ", 12.3-inch Infotainment System      ," Leather Seats, Heated Front Seats, Power Tailgate         "," LED Taillights, Tow Hitch, 20-inch Alloy Wheels           ","51,250", 4.7/5            ,"1,000"
SKC5532C, Honda    , CR-V        ,2023, SUV       ," Gray, Blue, Silver            ", Gasoline  ,1.5,190,Automatic               ,130,32," ABS, Airbags, Collision Mitigation, Lane Keeping Assist ", 8-inch Display Audio System       ," Cloth Seats, Bluetooth Connectivity, Power Sunroof        "," LED Daytime Running Lights, Roof Rails                   ","31,450", 4.8/5            ,"2,700"
SJW2995J, Subaru   , Outback     ,2023, Wagon     ," Green, Black, Gray            ", Gasoline  ,2.4,228,Automatic               ,130,26," ABS, Airbags, Lane Departure Warning, Adaptive Cruise Control ", 11.6-inch Touchscreen Display    ," Leather Seats, Heated Front Seats, Power Liftgate          "," LED Headlights, Roof Rails, 18-inch Alloy Wheels           ","30,895", 4.6/5            ,"1,200"
SLK4985U, Chevrolet, Camaro      ,2023, Coupe     ," Red, Black, Yellow            ", Gasoline  ,6.2,650,Automatic        ,190,17," ABS, Airbags, Traction Control, StabiliTrak             ", 9-inch Infotainment System       ," Leather Seats, Heated and Ventilated Front Seats          "," LED Headlights, Rear Spoiler, 20-inch Alloy Wheels        ","65,590", 4.9/5            ,"1,000"
SKB7149K, Ford     , Escape      ,2023, SUV       ," Blue, White, Gray             ", Gasoline  ,2,250,Automatic        ,135,28," ABS, Airbags, Lane Keeping Assist, Rear View Camera     ", 10.1-inch SYNC 3 Infotainment System ," Cloth Seats, Keyless Entry, Power Liftgate                "," LED Taillights, Roof Rails, 18-inch Alloy Wheels           ","28,895", 4.7/5            ,"2,600"
SJX4953K, Mazda    , CX-5        ,2023, SUV       ," Red, Silver, Black            ", Gasoline  ,2.5,187,Automatic        ,129,29," ABS, Airbags, Blind Spot Monitor, Rear Cross Traffic Alert ", 10.25-inch Infotainment Display   ," Leather Seats, Heated Front Seats, Power Sunroof          "," LED Headlights, Roof Rails, 19-inch Alloy Wheels           ","30,545", 4.8/5            ,"2,300"
SMN5150R, Kia      , Sorento     ,2023, SUV       ," Silver, Black, Blue           ", Gasoline  ,2.5,191,Automatic        ,126,27," ABS, Airbags, Forward Collision Warning, Rear View Camera  ", 8-inch Touchscreen Display        ," Leather Seats, Heated Front Seats, Power Tailgate          "," LED Headlights, Roof Rails, 18-inch Alloy Wheels           ","32,350", 4.6/5            ,"1,500"
SMN8357K, Mercedes , C-Class     ,2023, Sedan     ," Black, Blue, White            ", Gasoline  ,2,255,Automatic        ,155,25," ABS, Airbags, Lane Departure Warning, Adaptive Cruise Control ", 12.3-inch Digital Instrument Cluster ," Leather Seats, Heated Front Seats, Panoramic Sunroof      "," LED Headlights, Alloy Wheels, Power Trunk                ","42,600", 4.8/5            ,"1,200"
SKS1983M, Jeep     , Wrangler    ,2023, SUV       ," Gray, Green, Red              ", Gasoline  ,3.6,285,Automatic        ,125,20," ABS, Airbags, Hill Start Assist, Electronic Roll Mitigation ", 8.4-inch Uconnect Infotainment     ," Cloth Seats, Keyless Entry, Removable Top                  "," LED Headlights, Tow Hooks, 17-inch Alloy Wheels            ","38,950", 4.7/5            ,"1,800"
SNE5493L, Volkswagen, Jetta      ,2023, Sedan     ," White, Black, Silver          ", Gasoline  ,1.4,147,Automatic        ,130,33," ABS, Airbags, Blind Spot Monitor, Rear View Camera        ", 8-inch Touchscreen Display        ," Cloth Seats, Keyless Entry, Power Windows                 "," LED Headlights, 16-inch Alloy Wheels                       ","22,495", 4.6/5            ,"2,500"
SLV3387M, Volvo    , XC60        ,2023, SUV       ," Silver, White, Gray           ", Gasoline  ,2,250,Automatic        ,140,24," ABS, Airbags, Lane Departure Warning, Blind Spot Monitoring ", 9-inch Touchscreen Display        ," Leather Seats, Heated Front Seats, Panoramic Sunroof       "," LED Headlights, Roof Rails, 19-inch Alloy Wheels           ","45,450", 4.9/5            ,"1,000"
SMP8585Y, Subaru   , Forester    ,2023, SUV       ," Black, Red, Blue              ", Gasoline  ,2.5,182,Automatic               ,120,29," ABS, Airbags, Lane Departure Warning, Adaptive Cruise Control ", 8-inch Touchscreen Display        ," Cloth Seats, Power Mirrors, Keyless Entry                 "," LED Daytime Running Lights, Roof Rails, 17-inch Alloy Wheels ","26,995", 4.6/5            ,"2,400"
SKJ1033Q, Toyota   , Highlander  ,2023, SUV       ," White, Silver, Black          ", Gasoline  ,3.5,295,Automatic        ,115,25," ABS, Airbags, Lane Departure Warning, Blind Spot Monitoring ", 8-inch Touchscreen Display        ," Cloth Seats, Power Windows, Keyless Entry                 "," LED Headlights, Roof Rails, 18-inch Alloy Wheels           ","36,085", 4.7/5            ,"1,900"
SJC8434P, Ford     , Explorer    ,2023, SUV       ," Red, Black, Gray              ", Gasoline  ,2.3,300,Automatic        ,130,27," ABS, Airbags, Blind Spot Monitor, Rear Cross Traffic Alert ", 12-inch Touchscreen Display       ," Cloth Seats, Keyless Entry, Power Tailgate                "," LED Headlights, Roof Rails, 20-inch Alloy Wheels           ","37,775", 4.8/5            ,"1,800"
SMK8753U, Chevrolet, Corvette    ,2023, Coupe     ," Red, Black, White             ", Gasoline  ,6.2,490,Automatic        ,190,20," ABS, Airbags, Performance Traction Management, Rear View Camera ", 10.2-inch Infotainment System     ," Leather Seats, Power Driver's Seat, Bose Premium Audio     "," LED Headlights, Rear Spoiler, 19-inch Alloy Wheels         ","67,590", 4.9/5            ,"1,300"
SLC9582J, Ford     , Expedition  ,2023, SUV       ," Blue, White, Silver           ", Gasoline  ,3.5,400,Automatic        ,120,22," ABS, Airbags, Blind Spot Information System, Rear Cross Traffic Alert ", 12.3-inch SYNC 4 Infotainment System  ," Leather Seats, Heated Front Seats, Power Fold Third-Row Seats "," LED Headlights, Roof Rails, 22-inch Alloy Wheels          ","54,500", 4.8/5            ,800
SMZ1777R, Hyundai  , Tucson      ,2023, SUV       ," Silver, Gray, Black           ", Gasoline  ,2.5,187,Automatic        ,126,28," ABS, Airbags, Forward Collision-Avoidance Assist, Rear View Camera ", 10.25-inch Touchscreen Display   ," Cloth Seats, Keyless Entry, Wireless Smartphone Charging "," LED Daytime Running Lights, 17-inch Alloy Wheels           ","27,500", 4.6/5            ,"1,500"
SNB1346D, GMC      , Yukon       ,2023, SUV       ," Black, White, Gray            ", Gasoline  ,5.3,355,Automatic        ,120,20," ABS, Airbags, Lane Keep Assist, Blind Zone Alert            ", 10.2-inch Infotainment Display     ," Leather Seats, Heated Front Seats, Power Tailgate         "," LED Headlights, Roof Rails, 20-inch Alloy Wheels           ","51,850", 4.7/5            ,"1,200"
SKH1165L, Audi     , Q5          ,2023, SUV       ," Gray, Blue, Black             ", Gasoline  ,2,261,Automatic        ,135,27," ABS, Airbags, Audi Pre Sense City, Lane Departure Warning   ", 10.1-inch MMI Touchscreen Display ," Leather Seats, Heated Front Seats, Panoramic Sunroof      "," LED Headlights, 18-inch Alloy Wheels                      ","43,200", 4.8/5            ,"1,400"
SKZ8595D, Kia      , Telluride   ,2023, SUV       ," Black, Gray, White            ", Gasoline  ,3.8,291,Automatic        ,130,21," ABS, Airbags, Forward Collision Avoidance Assist, Blind Spot View Monitor ", 12.3-inch Touchscreen Display    ," Leather Seats, Heated Front Seats, Power Liftgate          "," LED Headlights, Roof Rails, 20-inch Alloy Wheels           ","38,500", 4.7/5            ,"1,800"
SLS8949C, Mercedes , GLC-Class   ,2023, SUV       ," White, Black, Silver          ", Gasoline  ,2,255,Automatic        ,140,24," ABS, Airbags, Active Brake Assist, Lane Keeping Assist       ", 10.25-inch Digital Instrument Cluster ," Leather Seats, Heated Front Seats, Power Liftgate          "," LED Headlights, Roof Rails, 19-inch Alloy Wheels           ","43,900", 4.9/5            ,"1,200"
SME3254X, Jeep     , Grand Cherokee ,2023, SUV    ," Gray, Red, Blue              ", Gasoline  ,3.6,295,Automatic        ,130,26," ABS, Airbags, Blind Spot Monitoring, Rear Cross Path Detection ", 8.4-inch Uconnect Infotainment     ," Leather Seats, Heated Front Seats, Power Liftgate          "," LED Headlights, Roof Rails, 18-inch Alloy Wheels           ","36,750", 4.7/5            ,"1,600"
SNM1141R, Volkswagen , Taos       ,2023, SUV      ," Silver, Blue, Black           ", Gasoline  ,1.5,158,Automatic        ,124,32," ABS, Airbags, Lane Keeping System, Rear Traffic Alert         ", 8-inch Touchscreen Display        ," Cloth Seats, Keyless Entry, Wireless Smartphone Charger   "," LED Headlights, 17-inch Alloy Wheels                       ","23,900", 4.7/5            ,"2,300"
SLF6401T, Nissan   , Pathfinder  ,2023, SUV       ," Blue, White, Black            ", Gasoline  ,3.5,284,Automatic        ,120,23," ABS, Airbags, RearAutomatic Braking, Rear Cross Traffic Alert ", 8-inch Touchscreen Display        ," Cloth Seats, Power Windows, Tri-ZoneAutomatic Climate Control "," LED Headlights, Roof Rails, 18-inch Alloy Wheels          ","33,000", 4.7/5            ,"1,400"
SLF4164T, Subaru   , Crosstrek  ,2023, SUV       ," Orange, Black, White          ", Gasoline  ,2.5,182,Automatic               ,130,29," ABS, Airbags, EyeSight Driver Assist, Rear Vision Camera     ", 8-inch Touchscreen Display        ," Cloth Seats, Keyless Access, Power Sunroof                "," LED Daytime Running Lights, Roof Rails, 17-inch Alloy Wheels ","27,495", 4.6/5            ,"2,000"
SLM8890L, Toyota   , 4Runner     ,2023, SUV       ," Black, White, Silver          ", Gasoline  ,4,270,Automatic        ,115,19," ABS, Airbags, Hill Start Assist Control, Trailer-Sway Control ", 8-inch Touchscreen Display        ," Cloth Seats, Keyless Entry, Power Rear Window              "," LED Headlights, Roof Rails, 17-inch Alloy Wheels          ","36,585", 4.6/5            ,"1,100"
SNC2835D, Ford     , Edge        ,2023, SUV       ," White, Gray, Blue             ", Gasoline  ,2,250,Automatic        ,130,25," ABS, Airbags, Ford Co-Pilot360, Lane-Keeping System         ", 12-inch SYNC 4 Infotainment System  ," Cloth Seats, Power Windows, Dual-Zone Climate Control      "," LED Headlights, Roof Rails, 18-inch Alloy Wheels           ","32,650", 4.8/5            ,"1,800"
SKB2639M, Chevrolet, Equinox     ,2023, SUV       ," Black, Red, Silver            ", Gasoline  ,1.5,170,Automatic        ,125,29," ABS, Airbags, Lane Keep Assist, Forward Collision Alert      ", 8-inch Infotainment System        ," Cloth Seats, Keyless Entry, Power Windows                 "," LED Daytime Running Lights, 17-inch Alloy Wheels          ","27,900", 4.6/5            ,"1,900"
SMV1558B, Honda    , HR-V        ,2023, SUV       ," Green, White, Gray            ", Gasoline  ,1.8,141,Automatic               ,120,31," ABS, Airbags, Collision Mitigation Braking System, Lane Keeping Assist ", 7-inch Display Audio System       ," Cloth Seats, Power Mirrors, Keyless Entry                "," LED Daytime Running Lights, 17-inch Alloy Wheels          ","24,650", 4.5/5            ,"2,200"
SKG5067T, Mercedes , S-Class     ,2023, Sedan     ," Black, Silver, White          ", Gasoline  ,3,429,Automatic        ,155,23," ABS, Airbags, Active Distance Assist, Traffic Sign Assist    ", 12.8-inch OLED Infotainment Screen ," Leather Seats, Heated and Ventilated Front Seats, Power Rear Window "," LED Headlights, Panoramic Sunroof, 20-inch Alloy Wheels ","99,950", 4.9/5            ,400
SJA4199G, Jeep     , Compass     ,2023, SUV       ," Red, White, Black            ", Gasoline  ,2.4,177,Automatic        ,125,29," ABS, Airbags, Hill Start Assist, ParkView Rear Back-Up Camera ", 8.4-inch Uconnect Infotainment     ," Cloth Seats, Keyless Entry, Dual-ZoneAutomatic Climate Control "," LED Headlights, Roof Rails, 18-inch Alloy Wheels         ","26,350", 4.7/5            ,"2,200"
SNF7633B, Volkswagen , Atlas      ,2023, SUV       ," Silver, Blue, White           ", Gasoline  ,2,235,Automatic        ,130,22," ABS, Airbags, Lane Assist, Rear Traffic Alert                ", 8-inch Touchscreen Display        ," Cloth Seats, Power Mirrors, Keyless Entry                 "," LED Headlights, Roof Rails, 18-inch Alloy Wheels           ","33,450", 4.7/5            ,"1,800"
SJU4089X, Nissan   , Sentra      ,2023, Sedan     ," Red, Black, Blue              ", Gasoline  ,2,149,Automatic               ,125,35," ABS, Airbags, Intelligent Forward Collision Warning          ", 7-inch Touchscreen Display        ," Cloth Seats, Power Windows, Keyless Entry                 "," LED Daytime Running Lights, 16-inch Alloy Wheels          ","20,450", 4.6/5            ,"2,600"
SLJ1442J, Subaru   , Legacy      ,2023, Sedan     ," Gray, Blue, Black             ", Gasoline  ,2.4,228,Automatic               ,130,35," ABS, Airbags, EyeSight Driver Assist Technology, Rear Vision Camera ", 11.6-inch Touchscreen Display    ," Cloth Seats, Power Driver's Seat, Keyless Access         "," LED Headlights, Alloy Wheels, Power Sunroof              ","26,245", 4.7/5            ,"1,500"
SJL5806H, Lexus    , RX          ,2023, SUV       ," White, Silver, Black          ", Gasoline  ,3.5,295,Automatic        ,120,24," ABS, Airbags, Lexus Safety System+ 2.5, Rear Cross-Traffic Alert ", 8-inch Touchscreen Display        ," Leather Seats, Power Front Seats, Keyless Entry         "," LED Headlights, Roof Rails, 18-inch Alloy Wheels         ","46,800", 4.8/5            ,"1,200"
SKN6864G, BMW      , 5 Series    ,2023, Sedan     ," Black, Gray, White            ", Gasoline  ,2,248,Automatic        ,130,27," ABS, Airbags, Active Driving Assistant, Parking Assistant Plus ", 12.3-inch Digital Instrument Cluster ," Leather Seats, Heated Front Seats, Power Tailgate         "," LED Headlights, Alloy Wheels, Power Sunroof              ","54,700", 4.8/5            ,800
SLP1771N, Mazda    , Mazda6      ,2023, Sedan     ," White, Black, Gray            ", Gasoline  ,2.5,187,Automatic        ,130,31," ABS, Airbags, Blind Spot Monitoring, Rear Cross Traffic Alert ", 8-inch Infotainment System        ," Leather Seats, Power Driver's Seat, Keyless Entry        "," LED Headlights, Alloy Wheels, Power Sunroof              ","27,550", 4.7/5            ,"1,300"
SNJ2090T, Toyota   , Tacoma      ,2023, Truck     ," Red, Black, Silver            ", Gasoline  ,3.5,278,Automatic        ,120,21," ABS, Airbags, Toyota Safety Sense P, Rear Parking Assist Sonar ", 7-inch Touchscreen Display        ," Cloth Seats, Keyless Entry, Power Windows                 "," LED Taillights, Deck Rail System, 16-inch Alloy Wheels   ","35,950", 4.8/5            ,"1,800"
SJB1607Y, Audi     , Q7          ,2023, SUV       ," Black, Gray, White            ", Gasoline  ,3,335,Automatic        ,130,21," ABS, Airbags, Audi Pre Sense Front, Audi Side Assist         ", 10.1-inch MMI Touchscreen Display ," Leather Seats, Heated Front Seats, Power Tailgate         "," LED Headlights, Roof Rails, 20-inch Alloy Wheels         ","54,800", 4.8/5            ,"1,100"
SLG5273A, Ford     , Bronco      ,2023, SUV       ," Blue, Black, Gray             ", Gasoline  ,2.7,310,Automatic        ,120,22," ABS, Airbags, AdvanceTrac with RSC, Trail Control            ", 8-inch SYNC 4A Infotainment System ," Cloth Seats, Keyless Entry, Power Front Windows           "," LED Headlights, Removable Top, 17-inch Alloy Wheels      ","33,790", 4.8/5            ,"1,900"
SLL3819J, Honda    , Odyssey     ,2023, Minivan   ," Gray, White, Silver           ", Gasoline  ,3.5,280,Automatic        ,120,22," ABS, Airbags, Honda Sensing, Rear Cross Traffic Monitor       ", 8-inch Display Audio System       ," Cloth Seats, Power Front Seats, Keyless Entry            "," LED Headlights, Power Sliding Doors, 18-inch Alloy Wheels ","36,500", 4.7/5            ,"1,500"
SJL2401H, Kia      , Sportage    ,2023, SUV       ," Black, Silver, Red            ", Gasoline  ,2.4,181,Automatic        ,120,26," ABS, Airbags, Forward Collision-Avoidance Assist, Lane Keeping Assist ", 8-inch Touchscreen Display        ," Cloth Seats, Power Mirrors, Keyless Entry                 "," LED Daytime Running Lights, 17-inch Alloy Wheels          ","25,000", 4.6/5            ,"2,200"
SKV1026C, Chevrolet, Bolt EUV    ,2023, SUV       ," Silver, Blue, Black           ", Electric  , N/A             ,200,Automatic        ,120,110," ABS, Airbags, HD Rear Vision Camera, Lane Keep Assist with Lane Departure Warning ", 10.2-inch Infotainment Display     ," Cloth Seats, Keyless Entry, Wireless Smartphone Charging "," LED Headlights, Roof Rails, 17-inch Alloy Wheels          ","33,995", 4.9/5            ,900
SLK7986R, Toyota   , Prius       ,2023, Hatchback ," Blue, White, Gray             ", Hybrid    ,1.8,96,Automatic               ,115,50," ABS, Airbags, Pre-Collision System, Lane Departure Alert    ", 7-inch Touchscreen Display        ," Cloth Seats, Keyless Entry, Push Button Start            "," LED Headlights, 15-inch Alloy Wheels                      ","27,900", 4.7/5            ,"1,200"
SLW8615M, GMC      , Acadia      ,2023, SUV       ," Red, Black, White             ", Gasoline  ,2,228,Automatic        ,130,23," ABS, Airbags, Lane Keep Assist, Rear Cross Traffic Alert ", 8-inch Infotainment System        ," Cloth Seats, Keyless Entry, Power Liftgate                "," LED Headlights, Roof Rails, 18-inch Alloy Wheels           ","33,900", 4.7/5            ,"1,500"
SLK3543T, Lexus    , NX          ,2023, SUV       ," Silver, Black, Blue           ", Gasoline  ,2.4,275,Automatic        ,120,26," ABS, Airbags, Lexus Safety System+ 3.5, Rear Cross-Traffic Alert ", 8-inch Touchscreen Display        ," Leather Seats, Power Front Seats, Keyless Entry         "," LED Headlights, Roof Rails, 18-inch Alloy Wheels         ","37,510", 4.8/5            ,"1,100"
SKG9134E, Ford     , Mustang     ,2023, Coupe     ," Red, Black, Blue              ", Gasoline  ,2.3,310,Automatic        ,155,22," ABS, Airbags, AdvanceTrac Electronic Stability Control       ", 12-inch Digital Instrument Cluster ," Cloth Seats, Power Driver's Seat, Keyless Entry         "," LED Headlights, Rear Spoiler, 18-inch Alloy Wheels        ","28,700", 4.8/5            ,"1,500"
SJE1754G, Toyota   , Sienna      ,2023, Minivan   ," White, Gray, Black            ", Gasoline  ,2.5,245,Automatic        ,115,35," ABS, Airbags, Toyota Safety Sense 2.5+, Rear Parking Assist Sonar ", 9-inch Touchscreen Display        ," Cloth Seats, Power Front Seats, Keyless Entry         "," LED Daytime Running Lights, Dual Power Sliding Doors, 17-inch Alloy Wheels ","34,750", 4.7/5            ,"1,900"
SNG4204B, Honda    , Civic       ,2023, Sedan     ," Red, Black, Silver            ", Gasoline  ,2,158,Automatic               ,120,36," ABS, Airbags, Collision Mitigation Braking System, Lane Keeping Assist ", 7-inch Touchscreen Display        ," Cloth Seats, Power Windows, Keyless Entry                 "," LED Daytime Running Lights, 16-inch Alloy Wheels          ","21,700", 4.7/5            ,"2,300"
SLR2951Q, Subaru   , Ascent      ,2023, SUV       ," Blue, Black, White            ", Gasoline  ,2.4,260,Automatic               ,120,22," ABS, Airbags, EyeSight Driver Assist Technology, Rear Vision Camera ", 6.5-inch Multimedia Plus Display  ," Cloth Seats, Keyless Entry, Three-ZoneAutomatic Climate Control "," LED Headlights, Roof Rails, 18-inch Alloy Wheels         ","33,420", 4.7/5            ,"1,800"
SKA1657U, Nissan   , Versa       ,2023, Sedan     ," White, Gray, Black            ", Gasoline  ,1.6,122,Automatic               ,115,35," ABS, Airbags,Automatic Emergency Braking, Lane Departure Warning ", 7-inch Touchscreen Display        ," Cloth Seats, Keyless Entry, Push Button Start            "," LED Daytime Running Lights, 16-inch Alloy Wheels          ","19,490", 4.6/5            ,"2,100"
SLS4594C, Chevrolet, Trax        ,2023, SUV       ," Silver, Red, Black            ", Gasoline  ,1.4,138,Automatic        ,120,31," ABS, Airbags, StabiliTrak Electronic Stability Control, Rear Vision Camera ", 7-inch Infotainment System        ," Cloth Seats, Keyless Entry, Power Mirrors                 "," LED Daytime Running Lights, 16-inch Alloy Wheels          ","22,595", 4.6/5            ,"2,400"
SNM6707A, Hyundai  , Sonata      ,2023, Sedan     ," White, Gray, Black            ", Gasoline  ,2.5,191,Automatic        ,120,38," ABS, Airbags, Forward Collision-Avoidance Assist, Lane Keeping Assist ", 8-inch Touchscreen Display        ," Cloth Seats, Power Front Seats, Keyless Entry         "," LED Headlights, 16-inch Alloy Wheels                      ","26,650", 4.7/5            ,"2,100"
SLL4354A, Lexus    , IS          ,2023, Sedan     ," Silver, Black, White          ", Gasoline  ,2.4,275,Automatic        ,130,27," ABS, Airbags, Lexus Safety System+ 3.5, Rear Cross-Traffic Alert ", 8-inch Touchscreen Display        ," Leather Seats, Power Front Seats, Keyless Entry         "," LED Headlights, 18-inch Alloy Wheels                      ","41,050", 4.8/5            ,"1,000"
SLL3586Q, Ford     , Ranger      ,2023, Truck     ," Red, Black, Gray              ", Gasoline  ,2.3,270,Automatic        ,120,21," ABS, Airbags, AdvanceTrac with Roll Stability Control         ", 8-inch SYNC 3 Infotainment System ," Cloth Seats, Keyless Entry, Power Mirrors                 "," LED Taillights, Bedliner, 16-inch Alloy Wheels            ","28,570", 4.7/5            ,"1,400"
SMM2060D, Toyota   , Tundra      ,2023, Truck     ," White, Gray, Black            ", Gasoline  ,3.5,389,Automatic        ,120,16," ABS, Airbags, Toyota Safety Sense P, Rear Parking Assist Sonar ", 8-inch Touchscreen Display        ," Cloth Seats, Keyless Entry, Power Windows                 "," LED Headlights, Bedliner, 18-inch Alloy Wheels            ","42,700", 4.7/5            ,"1,800"
SMT9128A, Kia      , Carnival    ,2023, Minivan   ," Gray, Black, White            ", Gasoline  ,3.5,290,Automatic        ,120,22," ABS, Airbags, Forward Collision Avoidance Assist, Lane Keeping Assist ", 8-inch Touchscreen Display        ," Cloth Seats, Power Front Seats, Keyless Entry         "," LED Headlights, Dual Power Sliding Doors, 19-inch Alloy Wheels ","35,600", 4.8/5            ,"1,700"
SNA6793Z, Subaru   , Outback     ,2023, SUV       ," Blue, Black, Silver           ", Gasoline  ,2.4,228,Automatic               ,120,26," ABS, Airbags, EyeSight Driver Assist Technology, Rear Vision Camera ", 11.6-inch Touchscreen Display    ," Cloth Seats, Power Driver's Seat, Keyless Entry         "," LED Headlights, Roof Rails, 18-inch Alloy Wheels         ","31,945", 4.7/5            ,"1,600"
SJU2691P, Nissan   , Frontier    ,2023, Truck     ," Red, Black, Gray              ", Gasoline  ,3.8,310,Automatic        ,120,19," ABS, Airbags, Nissan Safety Shield 360, RearView Monitor      ", 8-inch Touchscreen Display        ," Cloth Seats, Keyless Entry, Power Windows                 "," LED Headlights, Bedliner, 17-inch Alloy Wheels            ","28,950", 4.6/5            ,"2,000"
SLX1508K, Hyundai  , Venue       ,2023, SUV       ," Black, Gray, White            ", Gasoline  ,1.6,121,Automatic               ,115,35," ABS, Airbags, Forward Collision-Avoidance Assist, Lane Keeping Assist ", 8-inch Touchscreen Display        ," Cloth Seats, Keyless Entry, Power Windows                 "," LED Daytime Running Lights, 17-inch Alloy Wheels          ","20,400", 4.6/5            ,"2,300"
SMA8873G, Genesis  , GV80        ,2023, SUV       ," Gray, White, Black            ", Gasoline  ,2.5,300,Automatic        ,120,25," ABS, Airbags, Forward Collision Avoidance-Assist with Pedestrian Detection ", 14.5-inch Infotainment System    ," Leather Seats, Power Front Seats, Keyless Entry         "," LED Headlights, Roof Rails, 20-inch Alloy Wheels         ","47,700", 4.8/5            ,900
SMJ1593N, Chevrolet, Camaro      ,2023, Coupe     ," Red, Black, White             ", Gasoline  ,2,275,Automatic        ,155,23," ABS, Airbags, StabiliTrak Electronic Stability Control       ", 8-inch Infotainment System        ," Cloth Seats, Power Driver's Seat, Keyless Entry         "," LED Headlights, Rear Spoiler, 18-inch Alloy Wheels        ","25,000", 4.7/5            ,"1,600"
SNL3064Q, Honda    , Fit         ,2023, Hatchback ," Blue, Black, Gray             ", Gasoline  ,1.5,128,Automatic               ,115,36," ABS, Airbags, Collision Mitigation Braking System, Road Departure Mitigation ", 7-inch Touchscreen Display        ," Cloth Seats, Keyless Entry, Push Button Start            "," LED Daytime Running Lights, 16-inch Alloy Wheels          ","17,600", 4.6/5            ,"2,400"
SLK5799C, Ford     , Maverick    ,2023, Truck     ," Red, Black, Gray              ", Gasoline  ,2.5,191,Automatic        ,130,37," ABS, Airbags, Ford Co-Pilot360, Rear View Camera           ", 8-inch Touchscreen Display        ," Cloth Seats, Keyless Entry, Power Mirrors                 "," LED Taillights, Bedliner, 17-inch Alloy Wheels            ","21,820", 4.8/5            ,"1,700"
SMU2372R, Toyota   , Camry       ,2023, Sedan     ," White, Gray, Black            ", Gasoline  ,2.5,206,Automatic        ,120,39," ABS, Airbags, Toyota Safety Sense 2.5+, Rear Cross Traffic Alert ", 7-inch Touchscreen Display        ," Cloth Seats, Power Front Seats, Keyless Entry         "," LED Headlights, Alloy Wheels, Power Sunroof              ","26,170", 4.7/5            ,"1,600"
SJG9571N, Kia      , Soul        ,2023, Hatchback ," Black, Gray, White            ", Gasoline  ,2,147,Automatic               ,115,32," ABS, Airbags, Forward Collision Avoidance Assist, Lane Keeping Assist ", 8-inch Touchscreen Display        ," Cloth Seats, Power Windows, Keyless Entry                 "," LED Daytime Running Lights, 17-inch Alloy Wheels          ","21,490", 4.6/5            ,"2,200"
SML8080R, Chevrolet, Corvette    ,2023, Convertible ," Red, Black, White          ", Gasoline  ,6.2,490,Automatic        ,190,21," ABS, Airbags, Performance Traction Management, Rear View Camera ", 10.2-inch Infotainment System     ," Leather Seats, Power Driver's Seat, Bose Premium Audio     "," LED Headlights, Rear Spoiler, 19-inch Alloy Wheels         ","75,590", 4.9/5            ,"1,000"
SLK8091E, Ford     , Explorer    ,2023, SUV       ," Blue, White, Silver           ", Gasoline  ,2.3,300,Automatic        ,130,27," ABS, Airbags, Blind Spot Monitor, Rear Cross Traffic Alert ", 12-inch Touchscreen Display       ," Cloth Seats, Keyless Entry, Power Tailgate                "," LED Headlights, Roof Rails, 20-inch Alloy Wheels           ","37,775", 4.8/5            ,"1,800"
SJL4671Z, Chevrolet, Bolt EUV    ,2023, SUV       ," Silver, Blue, Black           ", Electric  , N/A             ,200,Automatic        ,96,110," ABS, Airbags, HD Rear Vision Camera, Lane Keep Assist with Lane Departure Warning ", 10.2-inch Infotainment Display     ," Cloth Seats, Keyless Entry, Wireless Smartphone Charging "," LED Headlights, Roof Rails, 17-inch Alloy Wheels          ","33,995", 4.9/5            ,900
SLH9334Z, Toyota   , Prius       ,2023, Hatchback ," Blue, White, Gray             ", Hybrid    ,1.8,96,Automatic               ,115,50," ABS, Airbags, Pre-Collision System, Lane Departure Alert    ", 7-inch Touchscreen Display        ," Cloth Seats, Keyless Entry, Push Button Start            "," LED Headlights, 15-inch Alloy Wheels                      ","27,900", 4.7/5            ,"1,200"
SLL4979B, GMC      , Acadia      ,2023, SUV       ," Red, Black, White             ", Gasoline  ,2,228,Automatic        ,130,23," ABS, Airbags, Lane Keep Assist, Rear Cross Traffic Alert ", 8-inch Infotainment System        ," Cloth Seats, Keyless Entry, Power Liftgate                "," LED Headlights, Roof Rails, 18-inch Alloy Wheels           ","33,900", 4.7/5            ,"1,600"
SKD6134Y, Hyundai  , Venue       ,2023, SUV       ," Black, Gray, White            ", Gasoline  ,1.6,121,Automatic               ,115,35," ABS, Airbags, Forward Collision-Avoidance Assist, Lane Keeping Assist ", 8-inch Touchscreen Display        ," Cloth Seats, Keyless Entry, Power Windows                 "," LED Daytime Running Lights, 17-inch Alloy Wheels          ","20,400", 4.6/5            ,"2,300"
SML3886Y, Genesis  , GV80        ,2023, SUV       ," Gray, White, Black            ", Gasoline  ,2.5,300,Automatic        ,120,25," ABS, Airbags, Forward Collision Avoidance-Assist with Pedestrian Detection ", 14.5-inch Infotainment System    ," Leather Seats, Power Front Seats, Keyless Entry         "," LED Headlights, Roof Rails, 20-inch Alloy Wheels         ","47,700", 4.8/5            ,900
SLF6753P, Chevrolet, Camaro      ,2023, Coupe     ," Red, Black, White             ", Gasoline  ,2,275,Automatic        ,155,23," ABS, Airbags, StabiliTrak Electronic Stability Control       ", 8-inch Infotainment System        ," Cloth Seats, Power Driver's Seat, Keyless Entry         "," LED Headlights, Rear Spoiler, 18-inch Alloy Wheels        ","25,000", 4.7/5            ,"1,600"
SLK1842D, Honda    , Fit         ,2023, Hatchback ," Blue, Black, Gray             ", Gasoline  ,1.5,128,Automatic               ,115,36," ABS, Airbags, Collision Mitigation Braking System, Road Departure Mitigation ", 7-inch Touchscreen Display        ," Cloth Seats, Keyless Entry, Push Button Start            "," LED Daytime Running Lights, 16-inch Alloy Wheels          ","17,600", 4.6/5            ,"2,400"
SNF3527M, Ford     , Maverick    ,2023, Truck     ," Red, Black, Gray              ", Gasoline  ,2.5,191,Automatic        ,130,37," ABS, Airbags, Ford Co-Pilot360, Rear View Camera           ", 8-inch Touchscreen Display        ," Cloth Seats, Keyless Entry, Power Mirrors                 "," LED Taillights, Bedliner, 17-inch Alloy Wheels            ","21,820", 4.8/5            ,"1,700"
SJB9805H, Toyota   , Camry       ,2023, Sedan     ," White, Gray, Black            ", Gasoline  ,2.5,206,Automatic        ,120,39," ABS, Airbags, Toyota Safety Sense 2.5+, Rear Cross Traffic Alert ", 7-inch Touchscreen Display        ," Cloth Seats, Power Front Seats, Keyless Entry         "," LED Headlights, Alloy Wheels, Power Sunroof              ","26,170", 4.7/5            ,"1,600"
SKC6626U, Kia      , Soul        ,2023, Hatchback ," Black, Gray, White            ", Gasoline  ,2,147,Automatic               ,115,32," ABS, Airbags, Forward Collision Avoidance Assist, Lane Keeping Assist ", 8-inch Touchscreen Display        ," Cloth Seats, Power Windows, Keyless Entry                 "," LED Daytime Running Lights, 17-inch Alloy Wheels          ","21,490", 4.6/5            ,"2,200"
SMP7140D, Chevrolet, Corvette    ,2023, Convertible ," Red, Black, White          ", Gasoline  ,6.2,490,Automatic        ,190,21," ABS, Airbags, Performance Traction Management, Rear View Camera ", 10.2-inch Infotainment System     ," Leather Seats, Power Driver's Seat, Bose Premium Audio     "," LED Headlights, Rear Spoiler, 19-inch Alloy Wheels         ","75,590", 4.9/5            ,"1,000"
SKM9744A, Ford     , Explorer    ,2023, SUV       ," Blue, White, Silver           ", Gasoline  ,2.3,300,Automatic        ,130,27," ABS, Airbags, Blind Spot Monitor, Rear Cross Traffic Alert ", 12-inch Touchscreen Display       ," Cloth Seats, Keyless Entry, Power Tailgate                "," LED Headlights, Roof Rails, 20-inch Alloy Wheels           ","37,775", 4.8/5            ,"1,800"
SKF5279C, Chevrolet, Bolt EUV    ,2023, SUV       ," Silver, Blue, Black           ", Electric  , N/A             ,200,Automatic        ,96,110," ABS, Airbags, HD Rear Vision Camera, Lane Keep Assist with Lane Departure Warning ", 10.2-inch Infotainment Display     ," Cloth Seats, Keyless Entry, Wireless Smartphone Charging "," LED Headlights, Roof Rails, 17-inch Alloy Wheels          ","33,995", 4.9/5            ,900
SKF2556C, Toyota   , Prius       ,2023, Hatchback ," Blue, White, Gray             ", Hybrid    ,1.8,96,Automatic               ,115,50," ABS, Airbags, Pre-Collision System, Lane Departure Alert    ", 7-inch Touchscreen Display        ," Cloth Seats, Keyless Entry, Push Button Start            "," LED Headlights, 15-inch Alloy Wheels                      ","27,900", 4.7/5            ,"1,200"
SKJ9413L, GMC      , Acadia      ,2023, SUV       ," Red, Black, White             ", Gasoline  ,2,228,Automatic        ,130,23," ABS, Airbags, Lane Keep Assist, Rear Cross Traffic Alert ", 8-inch Infotainment System        ," Cloth Seats, Keyless Entry, Power Liftgate                "," LED Headlights, Roof Rails, 18-inch Alloy Wheels           ","33,900", 4.7/5            ,"1,600"
SMY7661H, Hyundai  , Venue       ,2023, SUV       ," Black, Gray, White            ", Gasoline  ,1.6,121,Automatic               ,115,35," ABS, Airbags, Forward Collision-Avoidance Assist, Lane Keeping Assist ", 8-inch Touchscreen Display        ," Cloth Seats, Keyless Entry, Power Windows                 "," LED Daytime Running Lights, 17-inch Alloy Wheels          ","20,400", 4.6/5            ,"2,300"
SLE1991G, Genesis  , GV80        ,2023, SUV       ," Gray, White, Black            ", Gasoline  ,2.5,300,Automatic        ,120,25," ABS, Airbags, Forward Collision Avoidance-Assist with Pedestrian Detection ", 14.5-inch Infotainment System    ," Leather Seats, Power Front Seats, Keyless Entry         "," LED Headlights, Roof Rails, 20-inch Alloy Wheels         ","47,700", 4.8/5            ,900
SJU1782B, Chevrolet, Camaro      ,2023, Coupe     ," Red, Black, White             ", Gasoline  ,2,275,Automatic        ,155,23," ABS, Airbags, StabiliTrak Electronic Stability Control       ", 8-inch Infotainment System        ," Cloth Seats, Power Driver's Seat, Keyless Entry         "," LED Headlights, Rear Spoiler, 18-inch Alloy Wheels        ","25,000", 4.7/5            ,"1,600"
SNM4050C, Honda    , Fit         ,2023, Hatchback ," Blue, Black, Gray             ", Gasoline  ,1.5,128,Automatic               ,115,36," ABS, Airbags, Collision Mitigation Braking System, Road Departure Mitigation ", 7-inch Touchscreen Display        ," Cloth Seats, Keyless Entry, Push Button Start            "," LED Daytime Running Lights, 16-inch Alloy Wheels          ","17,600", 4.6/5            ,"2,400"
SLL4020P, Ford     , Maverick    ,2023, Truck     ," Red, Black, Gray              ", Gasoline  ,2.5,191,Automatic        ,130,37," ABS, Airbags, Ford Co-Pilot360, Rear View Camera           ", 8-inch Touchscreen Display        ," Cloth Seats, Keyless Entry, Power Mirrors                 "," LED Taillights, Bedliner, 17-inch Alloy Wheels            ","21,820", 4.8/5            ,"1,700"
SJT6415G, Toyota   , Camry       ,2023, Sedan     ," White, Gray, Black            ", Gasoline  ,2.5,206,Automatic        ,120,39," ABS, Airbags, Toyota Safety Sense 2.5+, Rear Cross Traffic Alert ", 7-inch Touchscreen Display        ," Cloth Seats, Power Front Seats, Keyless Entry         "," LED Headlights, Alloy Wheels, Power Sunroof              ","26,170", 4.7/5            ,"1,600"
SNJ4662T, Kia      , Soul        ,2023, Hatchback ," Black, Gray, White            ", Gasoline  ,2,147,Automatic               ,115,32," ABS, Airbags, Forward Collision Avoidance Assist, Lane Keeping Assist ", 8-inch Touchscreen Display        ," Cloth Seats, Power Windows, Keyless Entry                 "," LED Daytime Running Lights, 17-inch Alloy Wheels          ","21,490", 4.6/5            ,"2,200"
SND7359U, Chevrolet, Corvette    ,2023, Convertible ," Red, Black, White          ", Gasoline  ,6.2,490,Automatic        ,190,21," ABS, Airbags, Performance Traction Management, Rear View Camera ", 10.2-inch Infotainment System     ," Leather Seats, Power Driver's Seat, Bose Premium Audio     "," LED Headlights, Rear Spoiler, 19-inch Alloy Wheels         ","75,590", 4.9/5            ,"1,000"
SLT4638E, Ford     , Explorer    ,2023, SUV       ," Blue, White, Silver           ", Gasoline  ,2.3,300,Automatic        ,130,27," ABS, Airbags, Blind Spot Monitor, Rear Cross Traffic Alert ", 12-inch Touchscreen Display       ," Cloth Seats, Keyless Entry, Power Tailgate                "," LED Headlights, Roof Rails, 20-inch Alloy Wheels           ","37,775", 4.8/5            ,"1,800"
SNN9366T, Chevrolet, Bolt EUV    ,2023, SUV       ," Silver, Blue, Black           ", Electric  , N/A             ,200,Automatic        ,96,110," ABS, Airbags, HD Rear Wireless Smartphone Charging "," LED Headlights, Roof Rails, 17-inch Alloy Wheels          ","33,995", 4.9/5            ,900,,
SKC4535T, Toyota   , Prius       ,2023, Hatchback ," Blue, White, Gray             ", Hybrid    ,1.8,96,Automatic               ,115,50," ABS, Airbags, Pre-Collision System, Lane Departure Alert    ", 7-inch Touchscreen Display        ," Cloth Seats, Keyless Entry, Push Button Start            "," LED Headlights, 15-inch Alloy Wheels                      ","27,900", 4.7/5            ,"1,200"
SKF5274L, GMC      , Acadia      ,2023, SUV       ," Red, Black, White             ", Gasoline  ,2,228,Automatic        ,130,23," ABS, Airbags, Lane Keep Assist, Rear Cross Traffic Alert ", 8-inch Infotainment System        ," Cloth Seats, Keyless Entry, Power Liftgate                "," LED Headlights, Roof Rails, 18-inch Alloy Wheels           ","33,900", 4.7/5            ,"1,600"
SKN3241G, Hyundai  , Venue       ,2023, SUV       ," Black, Gray, White            ", Gasoline  ,1.6,121,Automatic               ,115,35," ABS, Airbags, Forward Collision-Avoidance Assist, Lane Keeping Assist ", 8-inch Touchscreen Display        ," Cloth Seats, Keyless Entry, Power Windows                 "," LED Daytime Running Lights, 17-inch Alloy Wheels          ","20,400", 4.6/5            ,"2,300"
SMR5520X, Genesis  , GV80        ,2023, SUV       ," Gray, White, Black            ", Gasoline  ,2.5,300,Automatic        ,120,25," ABS, Airbags, Forward Collision Avoidance-Assist with Pedestrian Detection ", 14.5-inch Infotainment System    ," Leather Seats, Power Front Seats, Keyless Entry         "," LED Headlights, Roof Rails, 20-inch Alloy Wheels         ","47,700", 4.8/5            ,900
SMV5150J, Chevrolet, Camaro      ,2023, Coupe     ," Red, Black, White             ", Gasoline  ,2,275,Automatic        ,155,23," ABS, Airbags, StabiliTrak Electronic Stability Control       ", 8-inch Infotainment System        ," Cloth Seats, Power Driver's Seat, Keyless Entry         "," LED Headlights, Rear Spoiler, 18-inch Alloy Wheels        ","25,000", 4.7/5            ,"1,600"
SLA4951M, Honda    , Fit         ,2023, Hatchback ," Blue, Black, Gray             ", Gasoline  ,1.5,128,Automatic               ,115,36," ABS, Airbags, Collision Mitigation Braking System, Road Departure Mitigation ", 7-inch Touchscreen Display        ," Cloth Seats, Keyless Entry, Push Button Start            "," LED Daytime Running Lights, 16-inch Alloy Wheels          ","17,600", 4.6/5            ,"2,400"
SMY8086Y, Ford     , Maverick    ,2023, Truck     ," Red, Black, Gray              ", Gasoline  ,2.5,191,Automatic        ,130,37," ABS, Airbags, Ford Co-Pilot360, Rear View Camera           ", 8-inch Touchscreen Display        ," Cloth Seats, Keyless Entry, Power Mirrors                 "," LED Taillights, Bedliner, 17-inch Alloy Wheels            ","21,820", 4.8/5            ,"1,700"
SJW8513G, Toyota   , Camry       ,2023, Sedan     ," White, Gray, Black            ", Gasoline  ,2.5,206,Automatic        ,120,39," ABS, Airbags, Toyota Safety Sense 2.5+, Rear Cross Traffic Alert ", 7-inch Touchscreen Display        ," Cloth Seats, Power Front Seats, Keyless Entry         "," LED Headlights, Alloy Wheels, Power Sunroof              ","26,170", 4.7/5            ,"1,600"
SNN5394U, Kia      , Soul        ,2023, Hatchback ," Black, Gray, White            ", Gasoline  ,2,147,Automatic               ,115,32," ABS, Airbags, Forward Collision Avoidance Assist, Lane Keeping Assist ", 8-inch Touchscreen Display        ," Cloth Seats, Power Windows, Keyless Entry                 "," LED Daytime Running Lights, 17-inch Alloy Wheels          ","21,490", 4.6/5            ,"2,200"
SND5252Q, Chevrolet, Corvette    ,2023, Convertible ," Red, Black, White          ", Gasoline  ,6.2,490,Automatic        ,190,21," ABS, Airbags, Performance Traction Management, Rear View Camera ", 10.2-inch Infotainment System     ," Leather Seats, Power Driver's Seat, Bose Premium Audio     "," LED Headlights, Rear Spoiler, 19-inch Alloy Wheels         ","75,590", 4.9/5            ,"1,000"
SJR5344U, Ford     , Explorer    ,2023, SUV       ," Blue, White, Silver           ", Gasoline  ,2.3,300,Automatic        ,130,27," ABS, Airbags, Blind Spot Monitor, Rear Cross Traffic Alert ", 12-inch Touchscreen Display       ," Cloth Seats, Keyless Entry, Power Tailgate                "," LED Headlights, Roof Rails, 20-inch Alloy Wheels           ","37,775", 4.8/5            ,"1,800"
SMF2069B, Chevrolet, Bolt EUV    ,2023, SUV       ," Silver, Blue, Black           ", Electric  , N/A             ,200,Automatic        ,96,110," ABS, Airbags, HD Rear Vision Camera, Lane Keep Assist with Lane Departure Warning ", 10.2-inch Infotainment Display     ," Cloth Seats, Keyless Entry, Wireless Smartphone Charging "," LED Headlights, Roof Rails, 17-inch Alloy Wheels          ","33,995", 4.9/5            ,900
SLP8483U, Toyota   , Prius       ,2023, Hatchback ," Blue, White, Gray             ", Hybrid    ,1.8,96,Automatic               ,115,50," ABS, Airbags, Pre-Collision System, Lane Departure Alert    ", 7-inch Touchscreen Display        ," Cloth Seats, Keyless Entry, Push Button Start            "," LED Headlights, 15-inch Alloy Wheels                      ","27,900", 4.7/5            ,"1,200"
SKM3924R, GMC      , Acadia      ,2023, SUV       ," Red, Black, White             ", Gasoline  ,2,228,Automatic        ,130,23," ABS, Airbags, Lane Keep Assist, Rear Cross Traffic Alert ", 8-inch Infotainment System        ," Cloth Seats, Keyless Entry, Power Liftgate                "," LED Headlights, Roof Rails, 18-inch Alloy Wheels           ","33,900", 4.7/5            ,"1,600"
SKK8596Z, Hyundai  , Venue       ,2023, SUV       ," Black, Gray, White            ", Gasoline  ,1.6,121,Automatic               ,115,35," ABS, Airbags, Forward Collision-Avoidance Assist, Lane Keeping Assist ", 8-inch Touchscreen Display        ," Cloth Seats, Keyless Entry, Power Windows                 "," LED Daytime Running Lights, 17-inch Alloy Wheels          ","20,400", 4.6/5            ,"2,300"
SMQ8626N, Genesis  , GV80        ,2023, SUV       ," Gray, White, Black            ", Gasoline  ,2.5,300,Automatic        ,120,25," ABS, Airbags, Forward Collision Avoidance-Assist with Pedestrian Detection ", 14.5-inch Infotainment System    ," Leather Seats, Power Front Seats, Keyless Entry         "," LED Headlights, Roof Rails, 20-inch Alloy Wheels         ","47,700", 4.8/5            ,900
SLW2813X, Chevrolet, Camaro      ,2023, Coupe     ," Red, Black, White             ", Gasoline  ,2,275,Automatic        ,155,23," ABS, Airbags, StabiliTrak Electronic Stability Control       ", 8-inch Infotainment System        ," Cloth Seats, Power Driver's Seat, Keyless Entry         "," LED Headlights, Rear Spoiler, 18-inch Alloy Wheels        ","25,000", 4.7/5            ,"1,600"
SJJ5678G, Honda    , Fit         ,2023, Hatchback ," Blue, Black, Gray             ", Gasoline  ,1.5,128,Automatic               ,115,36," ABS, Airbags, Collision Mitigation Braking System, Road Departure Mitigation ", 7-inch Touchscreen Display        ," Cloth Seats, Keyless Entry, Push Button Start            "," LED Daytime Running Lights, 16-inch Alloy Wheels          ","17,600", 4.6/5            ,"2,400"
SJL2340P, Ford     , Maverick    ,2023, Truck     ," Red, Black, Gray              ", Gasoline  ,2.5,191,Automatic        ,130,37," ABS, Airbags, Ford Co-Pilot360, Rear View Camera           ", 8-inch Touchscreen Display        ," Cloth Seats, Keyless Entry, Power Mirrors                 "," LED Taillights, Bedliner, 17-inch Alloy Wheels            ","21,820", 4.8/5            ,"1,700"
SJA9243H, Toyota   , Camry       ,2023, Sedan     ," White, Gray, Black            ", Gasoline  ,2.5,206,Automatic        ,120,39," ABS, Airbags, Toyota Safety Sense 2.5+, Rear Cross Traffic Alert ", 7-inch Touchscreen Display        ," Cloth Seats, Power Front Seats, Keyless Entry         "," LED Headlights, Alloy Wheels, Power Sunroof              ","26,170", 4.7/5            ,"1,600"
SMZ1018G, Kia      , Soul        ,2023, Hatchback ," Black, Gray, White            ", Gasoline  ,2,147,Automatic               ,115,32," ABS, Airbags, Forward Collision Avoidance Assist, Lane Keeping Assist ", 8-inch Touchscreen Display        ," Cloth Seats, Power Windows, Keyless Entry                 "," LED Daytime Running Lights, 17-inch Alloy Wheels          ","21,490", 4.6/5            ,"2,200"
SMU6604D, Chevrolet, Corvette    ,2023, Convertible ," Red, Black, White          ", Gasoline  ,6.2,490,Automatic        ,190,21," ABS, Airbags, Performance Traction Management, Rear View Camera ", 10.2-inch Infotainment System     ," Leather Seats, Power Driver's Seat, Bose Premium Audio     "," LED Headlights, Rear Spoiler, 19-inch Alloy Wheels         ","75,590", 4.9/5            ,"1,000"
SNB1167D, Ford     , Explorer    ,2023, SUV       ," Blue, White, Silver           ", Gasoline  ,2.3,300,Automatic        ,130,27," ABS, Airbags, Blind Spot Monitor, Rear Cross Traffic Alert ", 12-inch Touchscreen Display       ," Cloth Seats, Keyless Entry, Power Tailgate                "," LED Headlights, Roof Rails, 20-inch Alloy Wheels           ","37,775", 4.8/5            ,"1,800"
SKT8569K, Chevrolet, Bolt EUV    ,2023, SUV       ," Silver, Blue, Black           ", Electric  , N/A             ,200,Automatic        ,96,110," ABS, Airbags, HD Rear Vision Camera, Lane Keep Assist with Lane Departure Warning ", 10.2-inch Infotainment Display     ," Cloth Seats, Keyless Entry, Wireless Smartphone Charging "," LED Headlights, Roof Rails, 17-inch Alloy Wheels          ","33,995", 4.9/5            ,900
SJS8200M, Toyota   , Prius       ,2023, Hatchback ," Blue, White, Gray             ", Hybrid    ,1.8,96,Automatic               ,115,50," ABS, Airbags, Pre-Collision System, Lane Departure Alert    ", 7-inch Touchscreen Display        ," Cloth Seats, Keyless Entry, Push Button Start            "," LED Headlights, 15-inch Alloy Wheels                      ","27,900", 4.7/5            ,"1,200"
SMJ7405C, GMC      , Acadia      ,2023, SUV       ," Red, Black, White             ", Gasoline  ,2,228,Automatic        ,130,23," ABS, Airbags, Lane Keep Assist, Rear Cross Traffic Alert ", 8-inch Infotainment System        ," Cloth Seats, Keyless Entry, Power Liftgate                "," LED Headlights, Roof Rails, 18-inch Alloy Wheels           ","33,900", 4.7/5            ,"1,600"
SMX4900Q, Hyundai  , Venue       ,2023, SUV       ," Black, Gray, White            ", Gasoline  ,1.6,121,Automatic               ,115,35," ABS, Airbags, Forward Collision-Avoidance Assist, Lane Keeping Assist ", 8-inch Touchscreen Display        ," Cloth Seats, Keyless Entry, Power Windows                 "," LED Daytime Running Lights, 17-inch Alloy Wheels          ","20,400", 4.6/5            ,"2,300"
SKP1798L, Genesis  , GV80        ,2023, SUV       ," Gray, White, Black            ", Gasoline  ,2.5,300,Automatic        ,120,25," ABS, Airbags, Forward Collision Avoidance-Assist with Pedestrian Detection ", 14.5-inch Infotainment System    ," Leather Seats, Power Front Seats, Keyless Entry         "," LED Headlights, Roof Rails, 20-inch Alloy Wheels         ","47,700", 4.8/5            ,900
SMG5111B, Chevrolet, Camaro      ,2023, Coupe     ," Red, Black, White             ", Gasoline  ,2,275,Automatic        ,155,23," ABS, Airbags, StabiliTrak Electronic Stability Control       ", 8-inch Infotainment System        ," Cloth Seats, Power Driver's Seat, Keyless Entry         "," LED Headlights, Rear Spoiler, 18-inch Alloy Wheels        ","25,000", 4.7/5            ,"1,600"
SMM2835C, Honda    , Fit         ,2023, Hatchback ," Blue, Black, Gray             ", Gasoline  ,1.5,128,Automatic               ,115,36," ABS, Airbags, Collision Mitigation Braking System, Road Departure Mitigation ", 7-inch Touchscreen Display        ," Cloth Seats, Keyless Entry, Push Button Start            "," LED Daytime Running Lights, 16-inch Alloy Wheels          ","17,600", 4.6/5            ,"2,400"
SME5362E, Ford     , Maverick    ,2023, Truck     ," Red, Black, Gray              ", Gasoline  ,2.5,191,Automatic        ,130,37," ABS, Airbags, Ford Co-Pilot360, Rear View Camera           ", 8-inch Touchscreen Display        ," Cloth Seats, Keyless Entry, Power Mirrors                 "," LED Taillights, Bedliner, 17-inch Alloy Wheels            ","21,820", 4.8/5            ,"1,700"
SJF6856M, Toyota   , Camry       ,2023, Sedan     ," White, Gray, Black            ", Gasoline  ,2.5,206,Automatic        ,120,39," ABS, Airbags, Toyota Safety Sense 2.5+, Rear Cross Traffic Alert ", 7-inch Touchscreen Display        ," Cloth Seats, Power Front Seats, Keyless Entry         "," LED Headlights, Alloy Wheels, Power Sunroof              ","26,170", 4.7/5            ,"1,600"
SMJ3659H, Kia      , Soul        ,2023, Hatchback ," Black, Gray, White            ", Gasoline  ,2,147,Automatic               ,115,32," ABS, Airbags, Forward Collision Avoidance Assist, Lane Keeping Assist ", 8-inch Touchscreen Display        ," Cloth Seats, Power Windows, Keyless Entry                 "," LED Daytime Running Lights, 17-inch Alloy Wheels          ","21,490", 4.6/5            ,"2,200"
SNA1219N, Chevrolet, Corvette    ,2023, Convertible ," Red, Black, White          ", Gasoline  ,6.2,490,Automatic        ,190,21," ABS, Airbags, Performance Traction Management, Rear View Camera ", 10.2-inch Infotainment System     ," Leather Seats, Power Driver's Seat, Bose Premium Audio     "," LED Headlights, Rear Spoiler, 19-inch Alloy Wheels         ","75,590", 4.9/5            ,"1,000"
SKE9620H, Ford     , Explorer    ,2023, SUV       ," Blue, White, Silver           ", Gasoline  ,2.3,300,Automatic        ,130,27," ABS, Airbags, Blind Spot Monitor, Rear Cross Traffic Alert ", 12-inch Touchscreen Display       ," Cloth Seats, Keyless Entry, Power Tailgate                "," LED Headlights, Roof Rails, 20-inch Alloy Wheels           ","37,775", 4.8/5            ,"1,800"
SKQ4524R, Chevrolet, Bolt EUV    ,2023, SUV       ," Silver, Blue, Black           ", Electric  , N/A             ,200,Automatic        ,96,27," Leather Seats, Keyless Entry, Wireless Smartphone Charging "," LED Headlights, Roof Rails, 19-inch Alloy Wheels          ","33,995", 4.9/5            ,900,,
SKZ5302C, Tesla    , Model 3     ,2023, Sedan     ," Black, Silver, Blue           ", Electric  , N/A             ,241,Automatic        ,140,315," ABS, Airbags, Autopilot, Lane Departure Warning             ", 15-inch Touchscreen Display       ," Leather Seats, Keyless Entry, Push Button Start           "," LED Headlights, Power Liftgate, 20-inch Alloy Wheels       ","45,000", 4.8/5            ,"1,300"
SLD3050B, Jeep     , Wrangler    ,2023, SUV       ," Red, Black, Gray              ", Gasoline  ,3,285,Automatic        ,110,20," ABS, Airbags, Electronic Stability Control, ParkView Rear Back-Up Camera ", 8.4-inch Uconnect Touchscreen      ," Cloth Seats, Keyless Entry, Removable Doors               "," LED Headlights, Off-Road Suspension, 17-inch Alloy Wheels ","33,590", 4.7/5            ,"1,600"
SME7095L, Audi     , A5          ,2023, Coupe     ," Blue, White, Black            ", Gasoline  ,2,261,Automatic        ,130,34," ABS, Airbags, Audi Pre Sense Basic, Audi Pre Sense City      ", 10.1-inch MMI Touch Display       ," Leather Seats, Keyless Entry, Sunroof                    "," LED Headlights, 18-inch Alloy Wheels                     ","45,000", 4.8/5            ,"1,900"
SMT9319A, Subaru   , Outback     ,2023, Wagon     ," Silver, Green, Black          ", Gasoline  ,2.4,260,Automatic        ,135,29," ABS, Airbags, EyeSight Driver Assist Technology, Rear Vision Camera ", 11.6-inch STARLINK Display        ," Cloth Seats, Keyless Entry, Power Liftgate                "," LED Headlights, Roof Rails, 18-inch Alloy Wheels           ","27,845", 4.7/5            ,"1,400"
SMU5195Y, BMW      , X5          ,2023, SUV       ," White, Gray, Black            ", Gasoline  ,3,389,Automatic        ,155,23," ABS, Airbags, Dynamic Stability Control, Rear View Camera   ", 12.3-inch Central Display        ," Leather Seats, Keyless Entry, Panoramic Moonroof         "," LED Headlights, 20-inch Alloy Wheels                      ","62,695", 4.8/5            ,"1,800"
SJF1598D, Nissan   , Rogue Sport ,2023, SUV       ," Blue, White, Gray             ", Gasoline  ,2.5,181,Automatic               ,130,32," ABS, Airbags, Intelligent Forward Collision Warning, RearView Monitor ", 7-inch Touchscreen Display        ," Cloth Seats, Keyless Entry, Power Mirrors                 "," LED Daytime Running Lights, 17-inch Alloy Wheels          ","23,430", 4.6/5            ,"1,700"
SKX2881G, Volvo    , XC40        ,2023, SUV       ," Black, White, Silver          ", Gasoline  ,2,248,Automatic        ,140,27," ABS, Airbags, City Safety Collision Avoidance Technology    ", 9-inch Sensus Touchscreen         ," Leather Seats, Keyless Entry, Panoramic Moonroof         "," LED Headlights, 18-inch Alloy Wheels                     ","35,700", 4.8/5            ,"1,600"
SLF8747Q, Mazda    , MX-5 Miata  ,2023, Convertible ," Red, Black, White          ", Gasoline  ,2,181,Manual           ,120,34," ABS, Airbags, Rearview Camera, Blind Spot Monitoring        ", 7-inch MAZDA CONNECT Display     ," Leather Seats, Keyless Entry, Bose Audio System           "," LED Headlights, 17-inch Alloy Wheels                     ","27,775", 4.7/5            ,"1,000"
SJF9063K, Lexus    , ES          ,2023, Sedan     ," White, Black, Gray            ", Gasoline  ,3.5,302,Automatic        ,130,34," ABS, Airbags, Lexus Safety System+ 3.0, Backup Camera       ", 8-inch Lexus Multimedia System   ," Leather Seats, Keyless Entry, Sunroof                    "," LED Headlights, 18-inch Alloy Wheels                     ","40,325", 4.8/5            ,"1,900"
SLM4564Z, Subaru   , Forester    ,2023, SUV       ," Blue, Black, Gray             ", Gasoline  ,2.5,182,Automatic               ,130,28," ABS, Airbags, EyeSight Driver Assist Technology, Rear Vision Camera ", 8.0-inch STARLINK Display        ," Cloth Seats, Keyless Entry, Power Windows                 "," LED Headlights, Roof Rails, 17-inch Alloy Wheels           ","25,195", 4.7/5            ,"1,500"
SLJ4175N, Audi     , Q5          ,2023, SUV       ," Black, White, Gray            ", Gasoline  ,2,261,Automatic        ,130,28," ABS, Airbags, Audi Pre Sense Basic, Audi Pre Sense City      ", 10.1-inch MMI Touch Display       ," Leather Seats, Keyless Entry, Panoramic Sunroof          "," LED Headlights, 18-inch Alloy Wheels                     ","45,600", 4.7/5            ,"2,100"
SNB9266E, Hyundai  , Santa Fe    ,2023, SUV       ," Blue, White, Black            ", Gasoline  ,2.5,191,Automatic        ,130,26," ABS, Airbags, Forward Collision-Avoidance Assist with Pedestrian Detection ", 8-inch Touchscreen Display        ," Cloth Seats, Keyless Entry, Rear Occupant Alert          "," LED Headlights, 18-inch Alloy Wheels                     ","27,700", 4.6/5            ,"1,700"
SMU9080P, Acura    , RDX         ,2023, SUV       ," Black, White, Gray            ", Gasoline  ,2,272,Automatic        ,135,27," ABS, Airbags, AcuraWatch, Multi-View Rear Camera           ", 10.2-inch True Touchpad Interface ," Leather Seats, Keyless Entry, Panoramic Moonroof         "," LED Headlights, 19-inch Alloy Wheels                     ","39,000", 4.7/5            ,"1,900"
SMK8517L, Mazda    , Mazda6      ,2023, Sedan     ," White, Red, Gray              ", Gasoline  ,2.5,187,Automatic        ,130,31," ABS, Airbags, Mazda Connected Services, Rearview Camera    ", 8-inch MAZDA CONNECT Display     ," Cloth Seats, Keyless Entry, Dual-Zone Climate Control     "," LED Headlights, 17-inch Alloy Wheels                     ","24,325", 4.7/5            ,"1,200"
SLU1651J, Lexus    , RX          ,2023, SUV       ," White, Black, Gray            ", Gasoline  ,3.5,290,Automatic        ,130,29," ABS, Airbags, Lexus Safety System+ 3.0, Rear View Camera    ", 8-inch Lexus Multimedia System   ," Leather Seats, Keyless Entry, Power Liftgate              "," LED Headlights, 18-inch Alloy Wheels                     ","48,500", 4.8/5            ,"1,800"
SNK3366L, Kia      , Sportage    ,2023, SUV       ," Blue, White, Black            ", Gasoline  ,2.4,181,Automatic               ,130,27," ABS, Airbags, Forward Collision-Avoidance Assist, Rear View Camera ", 8-inch Touchscreen Display        ," Cloth Seats, Keyless Entry, Lane Keeping Assist          "," LED Headlights, 18-inch Alloy Wheels                     ","25,000", 4.6/5            ,"2,000"
SJP8990M, BMW      , 5 Series    ,2023, Sedan     ," White, Black, Gray            ", Gasoline  ,2,248,Automatic        ,130,31," ABS, Airbags, Active Driving Assistant, Rear View Camera   ", 12.3-inch Central Display        ," Leather Seats, Keyless Entry, Sunroof                    "," LED Headlights, 18-inch Alloy Wheels                     ","54,200", 4.8/5            ,"2,200"
SNF1248C, Ford     , Escape      ,2023, SUV       ," Blue, White, Black            ", Gasoline  ,1.5,181,Automatic        ,130,30," ABS, Airbags, Ford Co-Pilot360, Rear View Camera           ", 8-inch Touchscreen Display        ," Cloth Seats, Keyless Entry, Power Windows                 "," LED Headlights, 18-inch Alloy Wheels                     ","27,650", 4.6/5            ,"1,500"
SJQ9038P, Infiniti , QX50        ,2023, SUV       ," Blue, Black, White            ", Gasoline  ,2,268,Automatic        ,135,29," ABS, Airbags, Predictive Forward Collision Warning, Rear View Monitor ", 8-inch Dual Display System        ," Leather Seats, Keyless Entry, Panoramic Moonroof         "," LED Headlights, 20-inch Alloy Wheels                     ","40,100", 4.7/5            ,"1,800"
SXA1898M, Nissan   , Pathfinder  ,2023, SUV       ," Black, White, Gray            ", Gasoline  ,3.5,284,Automatic        ,120,26," ABS, Airbags, Intelligent Forward Collision Warning, RearView Monitor ", 8-inch Touchscreen Display        ," Cloth Seats, Keyless Entry, Tri-Zone Climate Control      "," LED Headlights, 18-inch Alloy Wheels                     ","33,410", 4.6/5            ,"1,600"
SCV1397B, Volvo    , XC60        ,2023, SUV       ," Black, White, Silver          ", Gasoline  ,2,250,Automatic        ,140,26," ABS, Airbags, City Safety Collision Avoidance Technology    ", 9-inch Sensus Touchscreen         ," Leather Seats, Keyless Entry, Panoramic Moonroof         "," LED Headlights, 19-inch Alloy Wheels                     ","42,400", 4.8/5            ,"1,800"
SLK5324P, Subaru   , Legacy      ,2023, Sedan     ," Blue, White, Gray             ", Gasoline  ,2.4,182,Automatic               ,130,35," ABS, Airbags, EyeSight Driver Assist Technology, Rear Vision Camera ", 11.6-inch STARLINK Display        ," Cloth Seats, Keyless Entry, Dual-Zone Climate Control     "," LED Headlights, 17-inch Alloy Wheels                     ","22,995", 4.7/5            ,"1,500"
SMU2096D, Acura    , MDX         ,2023, SUV       ," Black, White, Gray            ", Gasoline  ,3.5,290,Automatic        ,130,27," ABS, Airbags, AcuraWatch, Multi-View Rear Camera           ", 12.3-inch True Touchpad Interface ," Leather Seats, Keyless Entry, Panoramic Moonroof         "," LED Headlights, 20-inch Alloy Wheels                     ","46,900", 4.7/5            ,"2,100"
SIT13429I, Mazda    , CX-5        ,2023, SUV       ," Blue, White, Gray             ", Gasoline  ,2.5,187,Automatic        ,130,31," ABS, Airbags, Mazda Connected Services",,,,"55,000",3.4/5,"2,340"
